name,album,artist,id,release_date,popularity,length,danceability,acousticness,energy,instrumentalness,liveness,valence,loudness,speechiness,tempo,key,time_signature
Oh What A Love,Oh What A Love,Kina Grannis,5Z8O4RFAmjA13jrOYIgyXA,2020-12-25,57,235135,0.457,0.941,0.064,0.108,0.107,0.0647,-19.928,0.0339,147.824,6,3
better with you,a constant state of improvement.,Virginia To Vegas,0OPIBKjAYBFzNpo1HzjqzQ,2020-02-28,63,191826,0.623,0.525,0.572,0,0.185,0.461,-9.257,0.0606,78.02,2,4
Afterglow,Afterglow,Ed Sheeran,0E4Y1XIbs8GrAT1YqVy6dq,2020-12-21,92,185486,0.641,0.698,0.324,0,0.328,0.273,-5.851,0.0299,110.184,11,4
Little Things,Little Things,Charlie Brennan,74mU4zNiHJl990F6gqBG4p,2020-10-09,52,146837,0.593,0.723,0.488,0,0.351,0.423,-9.72,0.154,164.183,4,4
Falling Like The Stars,Falling Like The Stars,James Arthur,15xWRPHQMeqgdkGzInx3PY,2019-05-10,78,212720,0.296,0.823,0.351,1.5e-06,0.11,0.19,-9.538,0.0351,177.596,6,3
Can’t Imagine,Wonder,Shawn Mendes,2GwberkV36NoC5snp51cLC,2020-12-04,70,149768,0.412,0.849,0.162,2.16e-06,0.354,0.375,-14.356,0.146,179.63,0,5
Tell Her You Love Her (feat. Mat Kearney),Tell Her You Love Her (feat. Mat Kearney),Echosmith,7b9oZ5tuGDKRWsL0lgQXqg,2021-01-08,49,263053,0.287,0.66,0.208,0,0.119,0.233,-11.3,0.0368,74.889,2,5
The Way I Love You,The Way I Love You,yaeow,3XV5r1cMB2AlD2ir0v6mfm,2020-07-30,60,162726,0.543,0.94,0.206,0.453,0.385,0.13,-18.037,0.0319,113.107,6,3
invisible string,folklore,Taylor Swift,6VsvKPJ4xjVNKpI8VVZ3SV,2020-07-24,78,252880,0.653,0.838,0.452,7.73e-05,0.108,0.45,-11.143,0.055,83.433,4,4
Heaven,Heaven,Emilee,24FprytnP9KMqH01aPR2N5,2020-04-01,66,154763,0.417,0.921,0.208,0,0.12,0.293,-11.307,0.0545,80.71,0,4
Dancing When I Die,Dancing When I Die,Heather Janssen,6epGSSmdGkjcBmLDKXLbMl,2020-05-15,58,162000,0.448,0.602,0.173,0,0.0987,0.282,-12.406,0.0458,108.107,10,4
Sophia,Chapter 2,Juke Ross,093KMwH96ZwZRZn2lKoX9Z,2020-06-19,58,231693,0.514,0.703,0.32,4.83e-05,0.115,0.14,-11.937,0.0428,115.312,5,4
84,84,Rajiv Dhall,3qePCADpvWQ38YCLxXBrdU,2020-04-18,56,155728,0.448,0.575,0.413,0,0.121,0.406,-7.411,0.0511,169.319,5,4
Who Would Have Thought,Who Would Have Thought,Dylan Dunlap,1ws2DVEGJD2d12aDm4zqic,2020-03-13,0,244477,0.42,0.461,0.43,0,0.26,0.323,-7.454,0.0298,140.962,11,3
If You Love Her,If You Love Her,Forest Blakk,727Z2S2mtNH46CbP9EWPwY,2020-09-30,68,217351,0.286,0.355,0.445,0,0.114,0.278,-8.087,0.0347,50.827,6,4
The Most Beautiful Thing,The Most Beautiful Thing,Bruno Major,7EncNzyGs8uJiQittB38ef,2020-05-01,3,235426,0.806,0.535,0.362,0.045,0.111,0.42,-10.381,0.0345,127.502,7,4
Put A Little Love On Me,Put A Little Love On Me,Niall Horan,1hCTxutVVYvggAQcUUUZAT,2019-12-06,75,224585,0.584,0.678,0.465,0,0.106,0.299,-4.88,0.0262,95.969,10,4
Favorite T-Shirt (Acoustic),Favorite T-Shirt (Acoustic),Jake Scott,0sem2PTbwYJdCHoDn487TE,2019-11-08,0,188442,0.823,0.757,0.399,0,0.123,0.607,-8.608,0.0571,114.999,9,4
Dressed Up In White,Dressed Up In White,CAL,0MoupiG0cMvbfPV1nwZAry,2020-02-14,59,203835,0.735,0.165,0.422,0,0.208,0.399,-8.208,0.0733,146.062,3,4
Home To You,Home To You,Sigrid,0qBug5X3DaJv2zgXtp55wn,2019-11-01,63,221586,0.619,0.808,0.146,0,0.0971,0.288,-14.439,0.0382,139.533,8,4
Cherry,Fine Line,Harry Styles,2IOFZdYYkFxEHVz1w34PoL,2019-12-13,81,259186,0.53,0.615,0.512,0.00453,0.129,0.411,-9.261,0.0259,95.946,7,4
If the World Was Ending - feat. Julia Michaels,If the World Was Ending (feat. Julia Michaels),JP Saxe,2kJwzbxV2ppxnQoYw4GLBZ,2019-10-17,89,208687,0.464,0.866,0.473,0,0.109,0.604,-10.086,0.129,75.801,1,4
Fall On Me,Fall On Me,A Great Big World,1sbNEp1zyMXQCXUHNllTaR,2019-11-22,0,263053,0.459,0.677,0.292,0,0.119,0.226,-6.235,0.0348,110.674,9,4
"10,000 Hours (with Justin Bieber) - Piano","10,000 Hours (with Justin Bieber) [Piano]",Dan + Shay,6HjF1gzVEZMb4GplnGl9B3,2019-11-27,68,172320,0.426,0.765,0.366,0,0.117,0.386,-6.514,0.0312,179.736,10,4
Lover (Remix) [feat. Shawn Mendes],Lover (Remix) [feat. Shawn Mendes],Taylor Swift,3i9UVldZOE0aD0JnyfAZZ0,2019-11-13,75,221306,0.448,0.433,0.603,0,0.0862,0.422,-7.176,0.064,205.272,7,3
One More Time Around,One More Time Around,Tyler Ward,3DyhwZyBFedvnt68fMi6vf,2019-09-20,58,205666,0.429,0.614,0.358,0,0.0875,0.187,-9.076,0.0346,134.279,0,4
Better Half of Me,Better Half of Me,Tom Walker,114xcQz8sZ6fxRBTZmgmNE,2019-10-04,69,195451,0.576,0.814,0.453,0,0.267,0.418,-4.4,0.0294,107.89,3,4
I Ain't Ever Loved No One - Acoustic,The Other Way,Donovan Woods,3i8ZkeKgwu1t4m8SPPzNvv,2019-05-03,3,199594,0.32,0.629,0.223,0,0.106,0.158,-14.728,0.0329,160.626,10,4
Rainbow,Golden Hour,Kacey Musgraves,79qxwHypONUt3AFq0WPpT9,2018-03-30,75,214293,0.581,0.88,0.197,0,0.107,0.349,-7.697,0.0329,130.367,3,4
Friday I’m In Love - Recorded at Spotify Studios NYC,Spotify Singles,Phoebe Bridgers,07vS8obfeZbr8H4MgQfXR7,2018-12-05,70,220812,0.373,0.948,0.123,0,0.0816,0.138,-15.193,0.0407,97.129,7,4
Best Part of Me (feat. YEBBA),Best Part of Me (feat. YEBBA),Ed Sheeran,5ug4vqGZ3eisGhY1IsziNX,2019-07-05,73,243266,0.565,0.762,0.242,9.3e-06,0.285,0.237,-8.367,0.0318,81.657,2,4
To a T - Stripped,To a T (Stripped),Ryan Hurd,6di48z6eF5dBYVpB0tZV5i,2019-05-24,64,198385,0.599,0.823,0.325,3.66e-06,0.133,0.319,-6.793,0.0297,114.053,9,4
ocean eyes - Recorded Live at Jungle City Studios,Spotify Singles,Alicia Keys,7rLokcIMP9p8fl0iROdVfC,2019-12-04,70,184548,0.353,0.934,0.148,0,0.112,0.297,-13.108,0.0421,88.203,7,5
Love Her,Happiness Begins,Jonas Brothers,2hgk8iKN9UdoM4ILlJ9F5N,2019-06-07,64,193133,0.74,0.178,0.337,0,0.0944,0.56,-6.039,0.0282,103.002,8,4
Break My Heart Right,Oh My Messy Mind,James Bay,6BP8sg44smNB3pbD4QAOzi,2019-05-10,64,204013,0.63,0.962,0.103,1.14e-06,0.0915,0.298,-11.6,0.0499,113.61,2,4
Best Part (feat. H.E.R.),Freudian,Daniel Caesar,1RMJOxR6GRPsBHL8qeC2ux,2017-08-25,80,209831,0.524,0.808,0.364,0,0.1,0.436,-10.209,0.0367,75.24,7,4
"For Me, It's You","For Me, It's You",Lo Moon,2odYUJ9LhwDVVPxXL3NxuB,2018-11-16,58,240026,0.452,0.332,0.46,0.0199,0.177,0.199,-12.986,0.0327,81.957,0,4
Speechless,Dan + Shay,Dan + Shay,3GJ4hzg4lrGwU51Y3VARbF,2018-06-22,77,213386,0.616,0.356,0.438,0,0.24,0.386,-5.968,0.0298,135.929,1,4
I Will Spend My Whole Life Loving You,I Will Spend My Whole Life Loving You,Imaginary Future,77enz5hl8RicxrbPB56VXQ,2017-06-16,70,227619,0.637,0.887,0.129,0,0.0719,0.298,-17.082,0.0346,125.802,11,4
Cherry Wine - Live,Hozier,Hozier,0bZ52QzCCKfrfOqs7za6lI,2014-10-07,64,240146,0.415,0.951,0.11,0.00234,0.0962,0.234,-14.901,0.0388,81.876,1,4
Can't Help Falling in Love,Can't Help Falling in Love,Haley Reinhart,0Rm2G83ELwkuEgpHlJcBPn,2015-10-09,0,173500,0.406,0.951,0.0307,0,0.0984,0.245,-17.636,0.04,136.716,0,4
Location - Recorded at Spotify Studios NYC,Spotify Singles,AJR,7jwZYPS8reDirsT4Mvqpui,2017-08-02,0,178794,0.566,0.863,0.261,0,0.106,0.477,-8.801,0.0375,97.595,10,4
"If I Ain’t Got You - James Bay Spotify Session 2015 ""Alicia Keys Cover""",James Bay Spotify Session 2015,James Bay,1zJpJ3HPRtAYYNLWm5BJEf,2015-08-07,69,261120,0.652,0.743,0.18,4.04e-06,0.71,0.328,-9.735,0.111,115.218,5,3
Little Things,Take Me Home: Yearbook Edition,One Direction,7kSLdGdXLey7pzLsWpdg1h,2012-11-09,25,219640,0.707,0.788,0.222,0,0.205,0.556,-11.716,0.0329,110.095,7,4
This Town,Flicker (Deluxe),Niall Horan,0qvzXomUDJVaUboy2wMfiS,2017-10-20,80,232852,0.677,0.712,0.401,0,0.116,0.195,-8.467,0.0308,111.825,9,4
All I Want,In A Perfect World,Kodaline,5JuA3wlm0kn7IHfbeHV0i6,2012,0,306386,0.226,0.161,0.408,0.131,0.187,0.142,-9.74,0.0432,91.341,0,3
Love Me Now - Recorded at Spotify Studios NYC,Spotify Singles,John Legend,2pPRgFEENF3LtuxYUPuT24,2016-11-30,64,228506,0.508,0.975,0.233,0,0.111,0.421,-8.311,0.0535,85.543,8,3
Gravity,Little Voice,Sara Bareilles,4oa14QBfWRDfJy2agySy0L,2007-07-03,72,232760,0.27,0.834,0.275,0,0.146,0.231,-10.357,0.0356,168.964,0,4
Say You Love Me,Say You Love Me,Jessie Ware,2hcPE11xSLCNHt5PYidj5U,2014-01-01,0,257483,0.387,0.162,0.413,1.56e-05,0.262,0.249,-8.95,0.0559,173.73,7,3
XO,XO,John Mayer,7cpCU3Denug5NGZsSpQl8v,2014-05-27,74,213626,0.431,0.749,0.377,0,0.211,0.353,-9.753,0.0288,173.67,2,4
Stay With Me - Live From Spotify Berlin,Spotify Sessions,Angus & Julia Stone,2GiYPEgOA7hb7sqsEWX8df,2015-01-13,70,174360,0.614,0.825,0.101,0.0217,0.707,0.155,-22.159,0.0395,75.902,0,4
Kiss Me,+,Ed Sheeran,0Tel1fmuCxEFV6wBLXsEdk,2011-09-09,75,280853,0.589,0.64,0.227,0.00469,0.0248,0.182,-16.67,0.0498,74.993,2,4
First Day Of My Life,"I'm Wide Awake, It's Morning",Bright Eyes,5OiaAaIMYlCZONyDBxqk4G,2005-01-25,72,188800,0.468,0.915,0.201,8.28e-05,0.0952,0.383,-17.024,0.0388,94.422,4,4
Make You Feel My Love,19,Adele,7rPLZ8Krm6CZIbraFUlnWZ,2008-01-28,0,212040,0.325,0.91,0.18,0.000633,0.113,0.0997,-10.647,0.0311,72.416,10,1
Better Together,In Between Dreams,Jack Johnson,4VywXu6umkIQ2OS0m1I79y,2005-01-01,72,207680,0.868,0.308,0.347,2e-05,0.11,0.659,-9.529,0.0536,110.059,5,4
How Long Will I Love You - Bonus Track,Halcyon Days,Ellie Goulding,0ZPfDxZn5O0L84wvPSN2iG,2013-01-01,64,154435,0.512,0.295,0.304,0.000622,0.118,0.172,-9.19,0.0318,126.078,0,5
If I Ain't Got You,The Diary Of Alicia Keys,Alicia Keys,3XVBdLihbNbxUwZosxcGuJ,2003-12-02,81,228706,0.609,0.603,0.445,6.77e-06,0.104,0.166,-9.129,0.106,118.393,7,3
Tenerife Sea,x (Deluxe Edition),Ed Sheeran,1HbcclMpw0q2WDWpdGCKdS,2014-06-21,72,241346,0.53,0.697,0.346,1.07e-05,0.105,0.359,-10.497,0.0376,121.876,8,4
Marry Me,"Save Me, San Francisco (Golden Gate Edition)",Train,0VZ9xPNa6ROafP6GYYuv2S,2009,1,205453,0.366,0.829,0.269,1.67e-05,0.108,0.492,-8.456,0.0287,86.577,0,4
Lucky,We Sing. We Dance. We Steal Things.,Jason Mraz,0IktbUcnAGrvD03AWnz3Q8,2008-05-12,77,191360,0.623,0.296,0.417,0,0.135,0.721,-8.699,0.0354,130.032,0,4
"Free Fallin' - Live at the Nokia Theatre, Los Angeles, CA - December 2007",Where the Light Is: John Mayer Live In Los Angeles,John Mayer,4LloVtxNZpeh7q7xdi1DQc,2008,75,263573,0.315,0.771,0.296,0,0.702,0.436,-13.262,0.0317,172.638,5,4
Somewhere Only We Know,Somewhere Only We Know,Lily Allen,3DDGhkxq3FeUorZppSgeLE,2013-11-10,64,208154,0.314,0.935,0.286,0.0258,0.0999,0.278,-10.191,0.035,172.021,10,4
Yellow,Parachutes,Coldplay,3AJwUDP919kvQ9QcozQPxg,2000-07-10,87,266773,0.429,0.00239,0.661,0.000121,0.234,0.285,-7.227,0.0281,173.372,11,4
Turning Tables,21,Adele,5O6yk6U8L3rTbFsIwuqe8H,2011-01-19,61,250133,0.305,0.952,0.452,1.68e-05,0.129,0.21,-6.077,0.0293,79.83,0,4
Night Changes,FOUR (Deluxe),One Direction,5O2P9iiztwhomNh8xkR9lJ,2014-11-17,84,226600,0.672,0.859,0.52,0,0.115,0.37,-7.747,0.0353,120.001,8,4
Bubbly,Coco,Colbie Caillat,0rFOs9paloAvEtzwDX1Kmc,2007-01-01,70,196280,0.697,0.603,0.474,0,0.11,0.249,-6.663,0.0351,127.904,9,4
I Won't Give Up,Love Is a Four Letter Word (Deluxe Edition),Jason Mraz,53QF56cjZA9RTuuMZDrSA6,2012-04-13,75,240165,0.585,0.694,0.303,0,0.115,0.142,-10.058,0.0398,136.703,4,3
The One That Got Away - Acoustic,Katy Perry - Teenage Dream: The Complete Confection,Katy Perry,5jx8tCxiO0uIbo2uNia23K,2012-03-12,71,259040,0.714,0.697,0.434,0,0.0919,0.352,-11.542,0.0396,123.942,4,4
Chasing Cars,Eyes Open,Snow Patrol,11bD1JtSjlIgKgZG2134DZ,2006-01-01,80,267933,0.563,0.209,0.592,5.08e-05,0.132,0.136,-4.571,0.0276,104.016,9,4
Fix You,X&Y,Coldplay,7LVHVU3tWfcxj5aiPFEW4Q,2005-06-07,84,295533,0.209,0.164,0.417,0.00196,0.113,0.124,-8.74,0.0338,138.178,3,4
Like I'm Gonna Lose You (feat. John Legend),Title (Deluxe),Meghan Trainor,2YlZnw2ikdb837oKMKjBkW,2015-01-09,81,225053,0.63,0.4,0.53,0,0.177,0.417,-7.259,0.0434,108.038,0,3
A Thousand Years,A Thousand Years,Christina Perri,6lanRgr6wXibZr8KgzXxBl,2011-10-18,83,285120,0.421,0.309,0.407,0.000961,0.11,0.161,-7.445,0.0267,139.028,10,3
Stay With Me,In The Lonely Hour (Deluxe Edition),Sam Smith,7IHOIqZUUInxjVkko181PB,2014-01-01,0,172723,0.5,0.566,0.418,0.000193,0.11,0.176,-6.535,0.0377,84.899,0,4
I'm Yours,We Sing. We Dance. We Steal Things.,Jason Mraz,1EzrEOXmMH3G43AXT1y7pA,2008-05-12,84,242186,0.686,0.595,0.457,0,0.105,0.718,-8.322,0.0468,150.953,11,4
Photograph,x (Deluxe Edition),Ed Sheeran,1HNkqx9Ahdgi1Ixy2xkKkL,2014-06-21,86,258986,0.614,0.607,0.379,0.000464,0.0986,0.201,-10.48,0.0476,107.989,4,4
The Scientist,A Rush of Blood to the Head,Coldplay,75JFxkI2RXiU7L9VXzMkle,2002-08-08,86,309600,0.557,0.731,0.442,1.46e-05,0.11,0.213,-7.224,0.0243,146.277,5,4
All of Me,Love In The Future (South Africa Tour Edition),John Legend,3uhBIQ7tv8j1FME8cFGEfG,2012,0,269560,0.422,0.922,0.264,0,0.132,0.331,-7.064,0.0322,119.93,8,4
Yours - Wedding Edition,Yours,Russell Dickerson,0vBMmF78QgtWY6dDNDPhbv,2017-10-13,2,216333,0.607,0.722,0.425,0,0.0883,0.536,-7.975,0.0269,134.003,11,4
Real Estate,Real Estate,Adam Melchor,2VvTMIXG760UiG9OSiFt9j,2018-12-04,65,216000,0.493,0.953,0.284,0.00739,0.151,0.199,-12.815,0.0309,79.959,2,4
Grow As We Go,Sing To Me Instead,Ben Platt,6hYvw3LLTViP2mT4MpDNmT,2019-03-29,73,249426,0.458,0.882,0.137,0,0.15,0.437,-14.083,0.0355,80.824,8,4
Walking On A Dream,Walking On A Dream,Empire of the Sun,0mBkoM8r7KAQzZij5swTUL,2009-02-23,63,198440,0.87,0.245,0.699,6.76e-06,0.0588,0.726,-5.541,0.0459,126.967,5,4
Summertime Magic,Summer Pack,Childish Gambino,4j3GWI86JvSaF0BLdmgcfF,2018-07-11,69,213600,0.76,0.0129,0.579,0.00351,0.106,0.125,-7.374,0.0569,100.01,0,4
"Feels (feat. Pharrell Williams, Katy Perry & Big Sean)",Funk Wav Bounces Vol.1,Calvin Harris,5bcTCxgc7xVfSaMV3RuVke,2017-06-30,76,223413,0.893,0.0642,0.745,0,0.0943,0.872,-3.105,0.0571,101.018,11,4
Sunflower - Spider-Man: Into the Spider-Verse,Spider-Man: Into the Spider-Verse (Soundtrack From & Inspired by the Motion Picture),Various Artists,3KkXRkHbMCARz0aVfEt68P,2018-12-14,87,158040,0.76,0.556,0.479,0,0.0703,0.913,-5.574,0.0466,89.911,2,4
Borderline,The Slow Rush,Tame Impala,5hM5arv9KDbCHS0k9uqwjr,2020-02-14,82,237800,0.621,0.0406,0.873,9.1e-06,0.0824,0.873,-3.067,0.0369,97.96,5,4
Baby I'm Yours - feat. Irfrane,By Your Side,Breakbot,7oGwQOTkMB9Sk3DIKJLd5F,2012-12-11,59,215786,0.831,0.705,0.794,3.4e-05,0.0978,0.735,-3.701,0.0752,118.075,2,4
Harvest Moon,Pacific Standard Time,Poolside,35U4PXL3W3XIkAjEUdhr36,2012-07-09,68,368783,0.782,0.288,0.622,0.53,0.58,0.921,-5.832,0.0411,106.022,2,4
Supalonely,STELLA & STEVE,BENEE,4nK5YrxbMGZstTLbvj6Gxw,2019-11-15,85,223480,0.863,0.305,0.631,3.04e-05,0.123,0.817,-4.689,0.0534,128.977,7,4
New Light,New Light,John Mayer,3bH4HzoZZFq8UpZmI2AMgV,2018-05-10,79,216014,0.828,0.325,0.689,0.0384,0.0808,0.853,-7.878,0.0326,123.931,7,4
Bossa Nova Baby,Bossa Nova Baby,Teddi Gold,7Fj3WLawd3Nms8utkoC3sb,2020-07-21,44,153373,0.735,0.153,0.731,0.000136,0.149,0.94,-5.526,0.0448,150.074,11,4
Honeypie,Honeypie,JAWNY,6JqYhSdTE4WbQrMXxPH5cD,2019-04-25,1,135521,0.742,0.0698,0.678,0,0.151,0.927,-4.605,0.192,115.05,5,4
Chemicals,Chemicals,SG Lewis,4xnaRQjBsHrJY5hmxBlMel,2020-04-24,72,254871,0.616,0.12,0.854,0,0.322,0.801,-4.749,0.368,113.982,11,4
Heat Waves,Heat Waves,Glass Animals,6CDzDgIUqeDY5g8ujExx2f,2020-06-29,83,238805,0.761,0.44,0.525,6.7e-06,0.0921,0.531,-6.9,0.0944,80.87,11,4
SUPERBLOOM,SUPERBLOOM,MisterWives,2HvtedoEeymVWrBPyAMNwZ,2020-07-24,77,213546,0.558,0.191,0.889,0.000387,0.328,0.716,-3.945,0.102,170.102,8,4
Juice,Cuz I Love You,Lizzo,0k664IuFwVP557Gnx7RhIl,2019-04-19,79,195144,0.767,0.00611,0.889,0,0.402,0.843,-2.988,0.0963,119.93,7,4
Doin' Time,Doin' Time,Lana Del Rey,0cLS7FslBJgsuWwJNRnPWB,2019-05-17,4,201996,0.621,0.336,0.692,0.000458,0.0877,0.446,-5.837,0.0435,144.968,7,4
Li Lo,Li Lo,DCS Lefty,1BNDOOshnJoEBT7e8nkvIK,2020-06-19,35,167790,0.738,0.554,0.536,0.00114,0.239,0.374,-8.506,0.0955,86.001,6,4
Pink Lemonade,Pink Lemonade,Johnny Stimson,3BYUbrFKwIPYGmFwQkx8qU,2020-08-07,53,166147,0.753,0.765,0.431,0,0.521,0.276,-9.024,0.223,85.021,7,4
Hold Up,Lemonade,Beyoncé,0rzNMzZsubFcXSEh7dnem7,2016-04-23,74,221093,0.524,0.745,0.397,0,0.521,0.552,-11.936,0.405,80.744,0,4
Feel It Still - Medasin Remix,Feel It Still (Medasin Remix),Portugal. The Man,4m6ObZmZ7wnyrKtmLvlyVE,2017-05-19,54,194434,0.568,0.553,0.463,0.00114,0.0858,0.148,-10.622,0.262,157.686,4,4
Electric Love,Dopamine,BØRNS,2GiJYvgVaD2HtM8GqD9EgQ,2015-10-16,88,218106,0.611,0.00543,0.797,0.00137,0.26,0.518,-7.627,0.0533,120.041,6,4
Tennis Court,Pure Heroine (Extended),Lorde,4ivBdCI1s9f6yDWFUvBtZo,2013-01-01,68,198907,0.758,0.0156,0.546,0.000194,0.237,0.404,-8.597,0.0635,90.019,0,4
Sunset Lover,Presence,Petit Biscuit,3WRQUvzRvBDr4AxMWhXc5E,2017-11-10,74,238906,0.785,0.669,0.525,0.439,0.114,0.251,-7.556,0.042,90.853,6,4
Put Your Records On,Put Your Records On,Ritt Momney,1fah1uAs7HeTYDlNftKr3K,2020-04-24,47,210463,0.399,0.058,0.492,0.00101,0.11,0.159,-10.777,0.0538,91.066,6,4
Moon (And It Went Like),Play Me Again,Kid Francescoli,24upABZ8A0sAepfu91sEYr,2017-03-03,72,390638,0.662,0.288,0.657,0.856,0.102,0.0584,-10.002,0.0345,117.986,7,4
You Make Me Feel Good - Original Mix,Panorama Pacifico,Satin Jackets,1wW0yMVo6dVxWZkmduKEWC,2016-04-08,57,427819,0.794,0.0915,0.595,0.406,0.0586,0.624,-6.035,0.0525,114.011,11,4
September,September,Campsite Dream,3jseE4aPONGUAQAe62AXX2,2018-09-28,51,185606,0.754,0.0078,0.442,1.9e-05,0.106,0.33,-8.801,0.0481,110.028,6,4
Paradise,Paradise,Bazzi,7njKgVl3AnLflRad38o7AG,2019-04-04,3,169038,0.844,0.0828,0.644,0,0.113,0.591,-6.273,0.0479,122.061,11,4
Milkshake - Remix,Milkshake (Remix),St Francis Hotel,7vHAxpb7WokhkMZVH0wDNR,2020-05-13,46,171063,0.705,0.126,0.713,0.00214,0.0742,0.53,-7.716,0.0636,99.953,11,4
Imagination,Imagination,Foster The People,2flxduIqEbsicdmPyj1WVW,2019-06-21,76,256266,0.744,0.115,0.642,3.95e-05,0.279,0.63,-4.6,0.031,94.988,2,4
Magic In The Hamptons (feat. Lil Yachty),Magic In The Hamptons (feat. Lil Yachty),Social House,2Yer0p7uB2lVBUAtANuuQp,2018-06-08,81,164640,0.769,0.66,0.479,0,0.0914,0.803,-5.339,0.0385,96.051,1,4
bad guy,"WHEN WE ALL FALL ASLEEP, WHERE DO WE GO?",Billie Eilish,2Fxmhks0bxGSBdJ92vM42m,2019-03-29,90,194087,0.701,0.328,0.425,0.13,0.1,0.562,-10.965,0.375,135.128,7,4
Nevermind,Nevermind,Dennis Lloyd,63SevszngYpZOwf63o61K4,2017-06-30,79,156600,0.6,0.159,0.688,1.29e-05,0.409,0.0793,-8.339,0.201,99.977,5,4
Never Be Like You (feat. Kai),Skin,Flume,5WI2ltQIdwgzf1SNE76JyR,2016-05-27,69,234909,0.444,0.453,0.557,0,0.152,0.296,-5.476,0.0602,115.058,0,4
Summertime Sadness (Lana Del Rey Vs. Cedric Gervais) - Cedric Gervais Remix,Summertime Sadness [Lana Del Rey vs. Cedric Gervais] (Cedric Gervais Remix),Lana Del Rey,6PUIzlqotEmPuBfjbwYWOB,2013-02-01,75,214912,0.572,0.0157,0.81,6.53e-06,0.13,0.11,-5.791,0.0558,126.052,1,4
Body,Body,Loud Luxury,21RzyxY3EFaxVy6K4RqaU9,2017-10-27,77,163216,0.752,0.0476,0.764,9.44e-05,0.0543,0.582,-4.399,0.038,121.958,1,4
Summer Feelings (feat. Charlie Puth) - From 'SCOOB!' The Album,Summer Feelings (feat. Charlie Puth),Lennon Stella,49dFIRQCQxPWgoH0m38XQ5,2020-04-23,77,160289,0.696,0.262,0.686,0,0.174,0.7,-6.113,0.0309,115.982,5,4
Cool Again,Lenses,Shoffy,0xM6mdl0XX2qOqUZmVUp97,2018-11-16,4,191935,0.774,0.443,0.45,3.28e-05,0.127,0.648,-6.86,0.0896,90.055,11,4
Oh Devil - Radio Version,Oh Devil (Radio Version),Electric Guest,6KwSdmAba8BxoxVXPw70LO,2017-06-16,56,217386,0.899,0.186,0.579,0.00668,0.217,0.709,-5.424,0.0719,96.989,7,4
4EVER,4EVER,Clairo,5mIOsPuQdXchVY0jB5NO9Q,2018-04-27,75,159595,0.75,0.049,0.585,0.00552,0.155,0.584,-7.576,0.0285,102.331,9,4
I Like It,Invasion of Privacy,Cardi B,58q2HKrzhC3ozto2nDdN4z,2018-04-06,84,253390,0.816,0.099,0.726,0,0.372,0.65,-3.998,0.129,136.048,5,4
My My My!,Bloom,Troye Sivan,4NiehSBQthimPzRsVeOgCT,2018-08-31,72,204726,0.701,0.00407,0.458,0.000151,0.045,0.482,-7.749,0.0836,102.967,1,4
Slow Hands,Flicker (Deluxe),Niall Horan,2cOUlop2ZakjOKe4WinesN,2017-10-20,78,188174,0.735,0.011,0.425,0,0.055,0.848,-6.648,0.0464,85.896,0,4
Girls Like You (feat. Cardi B),Red Pill Blues (Deluxe),Maroon 5,7fa9MBXhVfQ8P8Df9OEbD8,2018-06-15,78,235545,0.851,0.568,0.541,0,0.13,0.448,-6.825,0.0505,124.959,0,4
Talk (feat. Disclosure),Free Spirit,Khalid,6TqXcAFInzjp0bODyvrWEq,2019-04-05,78,197573,0.901,0.051,0.4,0,0.0599,0.346,-8.575,0.126,135.984,0,4
Are You Bored Yet? (feat. Clairo),Are You Bored Yet? (feat. Clairo),Wallows,1yY9uOKV3A9pPedzTfvbg1,2019-02-01,0,178000,0.681,0.156,0.683,2.55e-05,0.273,0.64,-6.449,0.0287,120.028,8,4
Sugar,V,Maroon 5,2iuZJX9X9P0GKaE93xcPjk,2014-09-02,82,235493,0.748,0.0591,0.788,0,0.0863,0.884,-7.055,0.0334,120.076,1,4
Time (feat. Ariana Grande),3.15.20,Childish Gambino,2Aq78kKI9yuloJQkcbhQbU,2020-03-22,58,367293,0.621,0.0117,0.538,0.0189,0.583,0.311,-9.307,0.0401,85.977,10,4
Light,Light,San Holo,6jq6rcOikCZAmjliAgAmfT,2017-02-10,67,239853,0.57,0.0857,0.763,2.49e-06,0.0932,0.43,-4.137,0.0573,150.088,1,4
Higher Ground (feat. Naomi Wild),Higher Ground,ODESZA,7D0t8BHJxakSnO6EVBglc4,2017-07-11,47,215130,0.629,0.0865,0.852,0.0215,0.263,0.415,-5.094,0.0521,104.997,1,4
When I'm With Him,Us,Empress Of,4vBlxgG7iM8WwjLMHKpNkm,2018-10-19,48,193946,0.779,0.301,0.846,8.83e-06,0.0623,0.757,-5.68,0.0345,116.014,1,4
Swimming Pool,Swimming Pool,Millie Turner,1yO91Oyey81Sjp5kb9O1dw,2019-06-21,42,223853,0.739,0.225,0.719,2.71e-06,0.101,0.51,-7.189,0.0456,119.975,9,4
Con Altura,Con Altura,ROSALÍA,2qG5sZ7Si6sdK74qLxedYM,2019-03-28,81,161626,0.882,0.39,0.689,0.00325,0.0501,0.746,-4.027,0.124,97.963,6,4
Dollar,Dollar,Electric Guest,6dXVbkS1t7jQs3maRSM9pW,2019-07-15,0,208746,0.799,0.47,0.58,0.000183,0.154,0.601,-8.152,0.0891,95.039,0,4
Eastside (with Halsey & Khalid),Eastside (with Halsey & Khalid),benny blanco,0d2iYfpKoM0QCKvcLCkBao,2018-07-12,81,173799,0.56,0.555,0.68,0,0.116,0.319,-7.648,0.321,89.391,6,4
Like the Others Do,Awkward,Shahrae,7eWLcBy5NHeMs4sVNBPNkS,2019-08-16,0,192000,0.538,0.268,0.502,0.00162,0.197,0.0684,-9.543,0.049,190.079,9,4
Everything Goes (Wow),Don't Feed The Pop Monster,Broods,5p4a4kv36kHEIBLMEllAF2,2019-02-01,42,204111,0.566,0.125,0.829,0.00345,0.281,0.213,-4.3,0.0398,92.991,7,4
CHANCES,NOTHIN LIKE U / CHANCES,KAYTRANADA,439X8jGytErRiPnaoUJHju,2018-11-30,69,218200,0.835,0.204,0.527,0.000423,0.283,0.611,-7.272,0.128,106.003,7,4
Summer Days (feat. Macklemore & Patrick Stump of Fall Out Boy),Summer Days (feat. Macklemore & Patrick Stump of Fall Out Boy),Martin Garrix,7Feaw9WAEREY0DUOSXJLOM,2019-04-25,79,163804,0.661,0.179,0.723,1.23e-05,0.14,0.316,-6.976,0.0566,113.778,5,4
Cool,Cool,Jonas Brothers,3QmolSZqjjLksTUvZJ6pPS,2019-04-05,3,167120,0.681,0.0105,0.603,0,0.159,0.643,-5.533,0.0458,79.007,0,4
Meant to Be (feat. Florida Georgia Line),Expectations,Bebe Rexha,4e4fqjx0Izh4svvTef1z7e,2018-06-22,72,164205,0.642,0.0476,0.772,0,0.0646,0.589,-6.61,0.0848,153.995,10,4
Show Me,Show Me,Akacia,10myPNOGfqlAmkKRc3L1d9,2017-08-18,0,195921,0.646,0.818,0.35,0.014,0.1,0.281,-9.859,0.343,196.015,5,4
Dissolve,Thousand Peaces,Absofacto,7pBrj5rt4SSxXwFKOyZfHR,2017-11-03,74,224660,0.688,0.23,0.582,0.000157,0.0663,0.872,-10.668,0.0542,85.486,6,4
Goodie Bag,Goodie Bag,Still Woozy,297rZsBEjFw9d0Gl3iBLnd,2017-11-05,0,146390,0.701,0.82,0.529,0.00113,0.249,0.577,-12.242,0.147,138.216,7,4
Truth Hurts,Truth Hurts,Lizzo,5Qel1sTrU4LM8HlJSPT2jd,2017-09-19,0,173325,0.715,0.11,0.624,0,0.123,0.412,-3.046,0.114,158.087,4,4
Slide (feat. Frank Ocean & Migos),Funk Wav Bounces Vol.1,Calvin Harris,7tr2za8SQg2CI8EDgrdtNl,2017-06-30,69,230813,0.736,0.498,0.795,1.21e-06,0.254,0.511,-3.299,0.0545,104.066,1,4
Mi Gente,Mi Gente,J Balvin,4ipnJyDU3Lq15qBAYNqlqK,2017-06-30,73,189440,0.774,0.0179,0.687,1.17e-05,0.128,0.308,-4.818,0.0584,104.959,11,4
In My Feelings,Scorpion,Drake,0bAkKNCQfWkexHFn7fIKns,2018-06-29,2,217933,0.735,0.00623,0.482,0.0144,0.448,0.315,-9.445,0.139,181.995,8,4
That's What I Like,24K Magic,Bruno Mars,0KKkJNfGyhkQ5aFogxQAPU,2016-11-17,83,206693,0.853,0.013,0.56,0,0.0944,0.86,-4.961,0.0406,134.066,1,4
Instant Crush (feat. Julian Casablancas),Random Access Memories,Daft Punk,2cGxRwrMyEAp8dEbuZaVv6,2013-05-17,77,337560,0.775,0.0422,0.585,0.619,0.077,0.518,-9.516,0.0271,109.942,10,4
Thru These Tears,Thru These Tears,LANY,4gB61mP4tNChn4LgfquMhi,2018-07-17,1,204515,0.711,0.154,0.517,0,0.149,0.294,-7.695,0.0391,119.945,11,4
"fuck, i'm lonely (with Anne-Marie)",~how i'm feeling~,Lauv,09PGubKAMryhOWv1LHpCYz,2020-03-06,80,198973,0.806,0.482,0.558,0,0.0618,0.678,-6.46,0.0683,95.016,9,4
"CAN'T STOP THE FEELING! (Original Song from DreamWorks Animation's ""TROLLS"")",TROLLS (Original Motion Picture Soundtrack),Trolls,1WkMMavIMc4JZ8cfMmxHkI,2016-09-23,75,237546,0.669,0.0106,0.832,0,0.0968,0.7,-5.72,0.0682,113.035,0,4
Natural Blues,Play & Play: The B Sides,Moby,4qUVntQ46fmejnJDlRlJpw,1999-05-17,50,253760,0.681,0.046,0.653,0.0513,0.276,0.656,-7.891,0.0328,107.988,3,4
On Hold - Jamie xx Remix,On Hold (Jamie xx Remix),The xx,0iALOYqXaVoluUIsSyDAny,2017-09-13,47,371533,0.759,0.302,0.909,0.842,0.0998,0.47,-7.85,0.0373,128.189,0,4
So Good to Me - Radio Edit,So Good to Me (Radio Edit),Chris Malinchak,3fDrZa4ksxA5lgi0utGu6k,2013-11-19,50,226120,0.72,0.148,0.469,0.0807,0.0765,0.369,-12.633,0.0394,121.028,11,4
Old Town Road (feat. Billy Ray Cyrus) - Remix,Old Town Road,Lil Nas X,6u7jPi22kF8CTQ3rb9DHE7,2019-04-05,11,157066,0.878,0.0533,0.619,0,0.113,0.639,-5.56,0.102,136.041,6,4
Cross Me (feat. Chance the Rapper & PnB Rock),Cross Me (feat. Chance the Rapper & PnB Rock),Ed Sheeran,543bCW2ruMPmxUBWirQ3MR,2019-05-24,72,206186,0.746,0.214,0.787,0,0.0669,0.607,-6.373,0.12,95.005,4,4
Shooting Stars,Bag Raiders (Deluxe),Bag Raiders,0UeYCHOETPfai02uskjJ3x,2011-01-01,73,235813,0.636,0.0893,0.72,0.0178,0.0868,0.425,-6.195,0.0432,124.944,11,4
The Middle,The Middle,Zedd,09IStsImFySgyp0pIQdqAc,2018-01-23,84,184732,0.753,0.171,0.657,0,0.112,0.437,-3.061,0.0449,107.01,7,4
Mine,COSMIC,Bazzi,7uzmGiiJyRfuViKKK3lVmR,2018-04-12,80,131064,0.71,0.0161,0.789,2.77e-06,0.451,0.717,-3.874,0.0722,142.929,4,4
Lose Yourself to Dance (feat. Pharrell Williams),Random Access Memories,Daft Punk,5CMjjywI0eZMixPeqNd75R,2013-05-17,72,353893,0.832,0.0839,0.659,0.00114,0.0753,0.674,-7.828,0.057,100.163,10,4
One Kiss (with Dua Lipa),One Kiss (with Dua Lipa),Calvin Harris,7ef4DlsgrMEH11cDZd32M6,2018-04-06,84,214846,0.791,0.037,0.862,2.19e-05,0.0814,0.592,-3.24,0.11,123.994,9,4
passionfruit,EP2,Yaeji,7lW2HbFRh65PMz82J7mPnb,2017-11-03,1,274728,0.605,0.611,0.443,0.0917,0.111,0.196,-13.171,0.0351,111.87,8,4
Ipanema,Ipanema,Still Woozy,1yoOiFrd7KHnUPun8BSBxl,2019-05-02,0,127044,0.751,0.216,0.473,0.0774,0.267,0.868,-11.458,0.199,147.437,1,4
Across The Room (feat. Leon Bridges),A Moment Apart,ODESZA,4YaNLEPw3MrIgkGOkBrAh2,2017-09-08,66,283537,0.566,0.0155,0.587,2.05e-05,0.111,0.246,-5.96,0.0308,82.046,6,4
Vanille fraise,Vanille fraise,L'Impératrice,7nZ9CzhiFRPhOQCn7eDSnn,2015,65,238183,0.767,0.0399,0.547,0.485,0.0949,0.66,-11.458,0.0474,103.03,7,4
Cheerleader - Felix Jaehn Remix Radio Edit,Me 4 U,OMI,023OVLNzXhX0j7CxswUt6D,2015-10-16,66,180560,0.78,0.141,0.68,1.2e-05,0.138,0.594,-6.081,0.0305,118.026,4,4
Can't Feel My Face,Beauty Behind The Madness,The Weeknd,22VdIZQfgXJea34mQxlt81,2015-08-28,81,213520,0.705,0.113,0.769,0,0.105,0.583,-5.526,0.0425,107.949,9,4
Classic (feat. POWERS),Classic (feat. POWERS),The Knocks,42UaTVeWaNaME7ttu61ykG,2014-08-12,52,248516,0.63,0.00474,0.942,0.000744,0.326,0.543,-3.195,0.0485,101.996,2,4
Paper Cut,Paper Cut,Sophie Simmons,4gSEZ8dkB4GrrIowsib0l9,2018-06-22,48,188857,0.92,0.459,0.647,0.00855,0.0766,0.259,-8.553,0.119,105.011,0,4
Composure,Composure,Argonaut & Wasp,3Qfj2BgymJSXY4zDrBCo3g,2019-04-17,0,184800,0.671,0.00969,0.611,0.431,0.1,0.378,-8.453,0.0328,116.934,10,4
DYSFUNCTIONAL,DYSFUNCTIONAL,KAYTRANADA,60y3oBiHHIlOzUFZRWP6Ak,2019-04-10,60,240757,0.808,0.00113,0.805,0.0585,0.193,0.886,-3.392,0.103,107.965,1,4
Shine A Light - Flight Facilities Remix,Shine A Light,The C90s,68yqiuPVxrT9OySWFDwDDd,2010-11-05,53,349962,0.686,0.0149,0.671,0.457,0.074,0.814,-10.185,0.0475,104.995,0,4
Ultimatum - Edit,Ultimatum,Disclosure,0slkzFvyBWcwnjEEDtYE5E,2018-05-17,55,213381,0.838,0.303,0.706,0.863,0.0712,0.776,-7.626,0.067,118.017,7,4
Lie,Lie,Shallou,2kbqbzvtneTypTMVaONXqL,2018-01-25,0,215445,0.655,0.295,0.427,0.00108,0.0788,0.224,-11.684,0.0799,107.992,2,4
Ruin My Life,Ruin My Life,Zara Larsson,5tAa8Uaqr4VvA3693mbIhU,2018-10-18,79,190931,0.665,0.423,0.699,0,0.0969,0.585,-5.265,0.0578,124.896,11,4
I Miss Myself (with HRVY),I Miss Myself (with HRVY),NOTD,5YkmS18BehACOhIIeUqe6l,2019-05-03,67,191611,0.72,0.0856,0.864,0,0.16,0.659,-3.249,0.208,96.048,0,4
NUMB,NUMB,Hayden James,1jJtDLctkzilPae8saJe37,2017-10-06,0,217296,0.589,0.203,0.573,0,0.0926,0.429,-7.126,0.0494,147.909,10,4
All The Stars (with SZA),Black Panther The Album Music From And Inspired By,Kendrick Lamar,3GCdLUSnKSMJhs4Tj6CV3s,2018-02-09,82,232186,0.698,0.0605,0.633,0.000194,0.0926,0.552,-4.946,0.0597,96.924,8,4
Il Paradiso,Il Paradiso,AK420,1t0vLpJTu4E6Q3R3rDzxQr,2021-01-08,40,183476,0.754,0.0105,0.385,0.873,0.084,0.527,-10.182,0.0469,176.014,10,4
Reminisce Over Us,Reminisce Over Us,Phlocalyst,6LuJ3IpHvMANnuzV5NGzrC,2021-01-08,31,156976,0.703,0.28,0.306,0.901,0.116,0.473,-10.919,0.0749,86.022,8,4
Time Consuming,Time Consuming,Snoozegod,7h3TP14K4trKSjIAX2KdWj,2021-01-08,37,115517,0.757,0.265,0.461,0.123,0.35,0.353,-9.477,0.0313,108.999,1,4
For What It Was,Special Love,IAMPAUL,0B2ILMaXWitHbHAJm2nSLd,2021-01-08,24,157063,0.829,0.656,0.329,0.894,0.116,0.669,-11.067,0.0535,87.011,1,4
Natsu,Natsu,lōland,5r9075hPYZN8E7ddE2WoJs,2021-01-08,35,156000,0.808,0.647,0.574,0.552,0.13,0.905,-7.862,0.154,99.986,8,4
Aspirin,Aspirin,Fed Nance,6MZ4wt0FASXisNMTvh0zmW,2021-01-08,26,100185,0.465,0.927,0.403,0.818,0.105,0.61,-7.312,0.0824,79.787,5,4
Absence of Gravity - Pablo Nouvelle Remix,Absence of Gravity (Pablo Nouvelle Remix),Audio Dope,6hj4VrcrOW2oFxUlwda95L,2021-01-08,32,217867,0.443,0.77,0.253,0.565,0.287,0.252,-13.694,0.0606,82.977,3,4
Ricotta,Ricotta,Spaze Windu,5XIXFGuVLXEKnq5dks9slW,2020-12-28,38,146000,0.75,0.24,0.337,0.237,0.292,0.717,-12.862,0.0353,86.115,6,4
Virudhunagar - Village Live,Virudhunagar (Village Live),Liphe,6IWNGrWVj9gF4tbVgYkdeJ,2020-12-17,46,254264,0.546,0.134,0.372,0.0172,0.27,0.247,-9.149,0.0317,123.952,5,4
Routine,Routine,Cuebe,33u11l05Mrc1Pm7bgAwokl,2020-12-15,46,169170,0.681,0.429,0.486,0.539,0.136,0.226,-8.481,0.0784,86.917,2,4
Phoebe,Phoebe,Sátyr,0jVcDTCdWPPPka66nfuyVu,2020-12-11,47,145203,0.494,0.604,0.476,0.926,0.0895,0.271,-13.002,0.0768,88.9,1,4
Floating,Floating,Smuv,4ORqQyhhdSDMSmGYEFn0XX,2020-12-18,49,124235,0.721,0.127,0.266,0.949,0.117,0.795,-13.768,0.242,85.18,9,4
Get It Right,Get It Right,DYVN,3oyY1hhLvW5PBXDchk26RB,2020-12-18,47,88960,0.634,0.924,0.326,0.949,0.111,0.231,-8.574,0.064,99.856,6,4
Mindfulness,Mindfulness,Saï T,2WYiVWTXflf49CyF5Vgn93,2020-12-15,54,155712,0.472,0.435,0.475,0.617,0.103,0.61,-10.148,0.0463,173.699,1,4
Don't You Know,Don't You Know,Nobodys Face,2rDOj0Reg5tizn7TOkx2oH,2020-12-15,47,120800,0.641,0.203,0.623,0.836,0.111,0.436,-9.401,0.177,168.188,7,4
Blank,Blank,Phlocalyst,3bY2PA3xBWRZcBgQ6WHE6G,2020-12-17,47,161333,0.828,0.081,0.139,0.665,0.107,0.243,-13.461,0.0598,93.744,6,5
Snow Rays,Snow Rays,Jules Hiero,32vlnvHcOnsGy1CRUhdLlB,2020-12-18,49,135000,0.618,0.0893,0.389,0.899,0.116,0.3,-10.743,0.0623,80.019,6,4
Happified,Happified,Smeeagain,1qzo9Nl3xb3Nc28whqnMBK,2020-12-11,47,113000,0.609,0.0891,0.505,0.00419,0.263,0.762,-7.866,0.343,179.214,4,4
Oozing Charm,Oozing Charm,ilover,5kdgkWrDRqcPiN9muLQyhY,2020-12-18,47,219201,0.829,0.39,0.45,0.128,0.181,0.617,-7.698,0.182,79.969,1,4
Drive,Drive,Vincent Rayn,5vZ0xTx0A83XISiceirh1o,2020-12-18,47,150367,0.674,0.889,0.159,0.945,0.111,0.477,-13.76,0.0434,79.04,9,4
Loungy,Loungy,Bobby Dreamz BIG,2MOcQoEZyOXJqmE9AIDP6V,2020-12-18,47,121999,0.706,0.949,0.567,0.914,0.128,0.551,-10.316,0.106,74.971,3,3
Drifting,Drifting,Dontcry,1mPjpQZdd5H4wvb4ZQ98Fm,2020-12-18,52,147417,0.58,0.591,0.27,0.877,0.0892,0.0675,-14.366,0.0328,79.005,11,4
Barca-Longa,Barca-Longa,Drips Zacheer,4YVJjWeFBOX1zy8apVuNPt,2020-12-18,46,192877,0.798,0.277,0.376,0.842,0.221,0.374,-9.203,0.0927,87.034,6,4
California Dial,California Dial,Bawer,3Qlvubr1CzObDSus8RfTvc,2020-12-18,45,101739,0.486,0.123,0.472,0.713,0.106,0.167,-11.276,0.0863,82.024,1,3
Late Checkout,Late Checkout,Saiko,3J0J198M7pTufTPMPVmVRL,2020-12-18,47,134301,0.534,0.333,0.441,0.0804,0.625,0.383,-5.86,0.241,84.733,2,4
ticino,DMNS II,DRWN.,31EMvlf4BACIaBu9IYtslE,2020-12-04,46,93750,0.671,0.801,0.403,0.00107,0.125,0.696,-7.123,0.479,81.865,5,4
felt,felt,Joe Nora,7kOQQ4Sp12kka6rEYHF58M,2020-12-04,47,192400,0.786,0.857,0.352,0.705,0.105,0.247,-10.736,0.0915,85.016,10,4
Serenity,Serenity,Pabzzz,2po5NOyWbMcctLvkGuyXeZ,2020-11-27,47,211477,0.725,0.0186,0.561,0.681,0.14,0.809,-10.348,0.081,91.628,5,4
Rain,Rain,Rene Schier,4BK2frpTXhL9GI2wJO929Q,2020-12-04,46,159350,0.652,0.131,0.401,0.0652,0.104,0.489,-9.573,0.0578,76.973,6,4
La Ofrenda,La Ofrenda,Papi Churro,1NQtj5l1ELsReim18GvbtX,2020-12-11,49,162798,0.705,0.335,0.47,0.863,0.115,0.14,-10.156,0.0382,102.0,4,4
Sunday Blue,Sunday Blue,Syrup,2cSFuvmLZSYnwNr8JIy1Yu,2020-12-16,50,85186,0.553,0.806,0.224,0.48,0.198,0.374,-13.699,0.37,85.022,6,4
Friends And Enemies,Unreality,Jazzy James,42XYJNuFpKxPrVBY3o2JjC,2020-12-11,48,172249,0.575,0.657,0.375,0.899,0.166,0.0622,-8.664,0.0246,92.009,5,4
Slide,Slide,Goson,3o4E6Xq9dUTT4imswVdIXh,2020-12-07,54,142698,0.703,0.484,0.413,0.9,0.113,0.398,-9.694,0.041,150.025,9,4
Why Don't You,Why Don't You,Platinum Dust,0D2ZTpusZN3VcuGS0sxV0S,2020-12-11,49,123403,0.743,0.562,0.527,0.433,0.193,0.752,-9.9,0.0555,87.979,7,4
Libration,MENACE ‘5’,Various Artists,2VoDSrBiAJLuz7wtulZut6,2020-12-03,49,184906,0.728,0.306,0.857,0.41,0.15,0.966,-5.948,0.0486,88.216,6,4
20/20,20/20,Lazlow,5fGoUzBSvwhIi3RiFtGtXM,2020-12-04,52,146346,0.643,0.651,0.464,0.447,0.138,0.372,-13.646,0.173,113.564,4,1
Ethereal Dub,Ethereal Dub,Worldtraveller,78LfqVYpsCwWW3hw8bwUy0,2020-12-11,48,126000,0.702,0.761,0.25,0.887,0.122,0.654,-16.251,0.0504,90.023,0,4
San Francisco Nights,San Francisco Nights,Katashi Kaitō,3bWN5Hibd5W2Zcz0hsM5Ga,2020-12-11,54,115125,0.622,0.0598,0.394,0.882,0.0743,0.487,-9.559,0.04,80.013,8,4
Kompass,Kompass,FloFilz,4Oy0kk2wtLgPqX01wUfzIq,2020-11-11,53,131855,0.698,0.694,0.206,0.91,0.465,0.539,-12.051,0.187,87.959,6,4
Dreamer,Dreamer,sloh rou,4ctpE4E0Z2XAHKYONmv59W,2020-12-11,48,148732,0.666,0.945,0.289,0.9,0.0721,0.254,-14.61,0.0697,71.017,2,1
April 26th,April 26th,Saltyyyy V,7iakFo226nldSeEa624s9I,2020-12-11,46,131612,0.703,0.935,0.288,0.873,0.302,0.374,-12.755,0.0294,93.019,9,4
Leaves,Leaves,Zen Park,69PhCElqRFyxNDcphgiBCo,2020-12-11,48,124575,0.597,0.522,0.384,0.501,0.206,0.559,-9.287,0.1,79.985,0,4
Everybody,Everybody,DAO,4HcLyqPJCTnKGuOv4P0KAt,2020-12-11,58,125445,0.857,0.0447,0.784,0.788,0.0489,0.582,-9.539,0.154,92.986,8,4
Geistgeschwür,Lost Ish,Hulk Hodn,2lDJxK0xBLHf2oNDh2DoMY,2020-12-11,46,161977,0.781,0.00375,0.494,0.934,0.0912,0.824,-8.215,0.21,87.564,6,4
Blueshift,Blueshift / Relaxurmind,FloFilz,2t1FMBG99dDUK5PEMjtMIE,2020-12-11,56,119374,0.78,0.478,0.595,0.898,0.12,0.818,-7.043,0.0378,89.013,8,4
Jangwar,Jangwar,gishfang,1D7jWklwRFIZP6HVynNvNW,2020-11-17,52,102160,0.761,0.367,0.67,0.705,0.0857,0.417,-6.156,0.0403,109.012,7,4
Submarine,Submarine,Parental,0S4JImDTniYQlBTmUzajeW,2020-12-11,46,126326,0.718,0.768,0.194,0.82,0.0726,0.582,-9.523,0.0802,186.128,0,4
City Dreams,City Dreams,Glimlip,2tvPXvthQHFMHclfIGThnl,2020-11-20,58,164817,0.814,0.338,0.447,0.924,0.116,0.251,-10.141,0.215,82.008,0,4
Innerspace,Innerspace,Dr. Dundiff,7nWqc6CGV8ln1ouTtCtqZ4,2020-12-09,48,163260,0.843,0.362,0.432,0.867,0.0985,0.9,-5.658,0.0791,94.306,11,4
Multicolored,Multicolored,Noflik,5zrDAu61cHNLRFMPtwJJuW,2020-12-02,49,141386,0.594,0.494,0.332,0.653,0.129,0.16,-11.653,0.0406,84.828,4,4
Across the valley,Across the valley,l'Outlander,37FTjS7kvGkvw4ftZpO59H,2020-12-11,46,148520,0.62,0.73,0.207,0.914,0.0896,0.09,-17.072,0.0391,168.065,4,4
Singing to the Moon,Lanterns,Lilac,73C5dnarxZWRMSKvI8W1Su,2020-12-10,63,108710,0.683,0.893,0.16,0.864,0.14,0.181,-15.24,0.0502,79.976,3,4
Faye - Village Live,Faye (Village Live),Aver,7A2Fpl8gfayOmCJSH0xFhm,2020-12-08,52,250781,0.494,0.251,0.333,0.915,0.11,0.173,-16.546,0.0299,75.017,9,4
Fall,Fall,Natty Reeves,22TaxtoFfaJz2YUZUbTc4Z,2020-12-03,21,200569,0.535,0.327,0.382,0.885,0.31,0.464,-9.628,0.0431,130.197,2,4
It's All Gravy,It's All Gravy,Max I Million,5quY9LzNMcCgKiahHsb7dU,2020-12-10,45,160360,0.721,0.34,0.283,0.542,0.122,0.505,-10.67,0.118,77.979,10,4
Chambre D'Or,Chambre D'Or,ONO1,45K3LHna1Jnz8y9FPj6WAv,2020-12-04,49,147000,0.681,0.454,0.43,0.9,0.111,0.397,-7.523,0.0464,79.985,4,4
Chairoplane,Chairoplane,Jakspin,10xzu4qkvJCZbam89OSzGv,2020-12-04,48,128571,0.737,0.204,0.478,0.894,0.183,0.824,-9.519,0.0914,84.035,8,4
Play the Shadows,Play the Shadows,Sweatson Klank,4ottW467kmXEBQ7nxy512h,2020-12-09,52,176982,0.729,0.108,0.725,0.896,0.248,0.685,-6.723,0.0834,80.526,9,4
Hana,Hana,lōland,3hFg9FkQsijKjEQ8F8YJ2P,2020-11-27,51,143685,0.596,0.413,0.373,0.00121,0.0776,0.599,-8.888,0.114,138.579,0,4
Water & Sand,Water & Sand / All G,Freddie Joachim,3qdEgLP7w9eXYguFT5SrrP,2020-12-02,52,248000,0.667,0.581,0.551,0.904,0.142,0.318,-8.199,0.11,172.169,0,4
Love Or The Loot,Love Or The Loot,IAMPAUL,5ycAh7EoYcL7BW7bj5wtlH,2020-12-04,47,158489,0.853,0.126,0.442,0.662,0.0914,0.56,-10.449,0.122,85.047,10,4
On & On,On & On,L One,0DSSfCJe2XD6NjLbO9tZUD,2020-12-04,49,170775,0.753,0.0801,0.624,0.858,0.22,0.929,-7.054,0.0412,141.043,8,4
Matagal,Matagal,Chancla,5hUjfGbIJlv89IqEt74kAI,2020-11-20,47,161519,0.816,0.799,0.511,0.509,0.111,0.539,-4.513,0.241,83.118,9,4
Kishmish,Kishmish,Farhot,130NTCQkHKDbcb9sGGfQKF,2020-12-11,53,146386,0.825,0.438,0.531,0.76,0.129,0.405,-6.933,0.159,82.02,9,4
Birds of Manhattan,Birds of Manhattan,Moonspatz,5XXWx3FxU2Y2cjElbQuIWE,2020-11-27,49,164350,0.715,0.627,0.476,0.811,0.0872,0.605,-9.891,0.121,82.002,2,4
Home Office & Coffee,Home Office & Coffee,SP-Mato,3gwz7DL6hiJ0n85mQN52he,2020-11-26,47,117840,0.714,0.255,0.203,0.809,0.13,0.594,-14.959,0.0924,89.989,8,4
SAMO,Invisible Man,Ayzon,6GuiDpEuU8J3L2gKRObRhq,2020-12-04,45,136588,0.785,0.00412,0.319,0.802,0.194,0.56,-7.462,0.194,85.008,11,4
Inverno No Brasil,Inverno no Brasil,Shuko,7A0iOjOIYP3nlVE8lyXNfH,2020-11-27,53,151724,0.702,0.0908,0.792,0.896,0.16,0.383,-8.929,0.0506,96.014,4,4
By the Liter,By the Liter / Seen You,Suff Daddy,57i2oAbbDYCDGLJwG1VHq5,2020-11-26,50,174500,0.653,0.0327,0.391,0.0123,0.133,0.373,-7.328,0.0292,73.012,1,4
Fresco,Fresco,Banker,3jfPn5VTj3VwMWJCbC4Ym5,2020-11-20,48,151333,0.768,0.41,0.316,0.375,0.102,0.272,-11.267,0.0504,90.051,6,4
Connection,Waves,Paul Grant,0lITZkGUYnYSBS6z2SMEWp,2020-11-20,51,150666,0.588,0.922,0.31,0.965,0.105,0.497,-11.16,0.0488,179.886,3,4
Suburb,Suburb,FLKS,0tA5MZUhTSLGL2Bx0qpddF,2020-11-27,48,141497,0.736,0.15,0.54,0.823,0.12,0.856,-7.616,0.0371,138.023,5,4
Sky,Sky,Hast,5HuUjzTXtWxC7lXoaqcBfK,2020-11-20,49,133416,0.657,0.26,0.285,0.897,0.347,0.253,-12.853,0.0882,86.935,10,4
Anzu Love,Anzu Love,Rockinpetas,2Qsln5ZaFIqV5seyJqfS0F,2020-11-06,48,109564,0.71,0.828,0.202,0.423,0.131,0.52,-12.265,0.0593,83.298,4,4
Eternal Sunshine,Eternal Sunshine,Simber,5AJ7rz4GruAuk3I43sAgxa,2020-11-16,54,147656,0.682,0.652,0.376,0.797,0.177,0.132,-11.642,0.0488,119.979,1,4
Gold Seal,Gold Seal,Berus,1C35MJOshR3kaGBCbnKPMX,2020-11-27,49,198375,0.868,0.101,0.622,0.859,0.0572,0.614,-9.723,0.0898,97.019,4,4
Sill,Sill,Jakspin,73T435Ue8eCR25TnR4rd9X,2020-11-20,52,160000,0.629,0.294,0.577,0.213,0.125,0.534,-8.676,0.0753,83.91,9,4
Jellyfish,Jellyfish,Koralle,43S5TrG3ZjOY6H1Rfs8CIr,2020-11-27,51,125173,0.829,0.0776,0.279,0.672,0.268,0.227,-15.924,0.0535,92.033,8,4
Seaside Stories,Seaside Stories,Jazzy James,1oFzAEO2ZWev2HuiePxZpx,2020-11-27,50,111375,0.701,0.522,0.585,0.866,0.399,0.881,-11.472,0.0543,138.035,0,4
Flotsam,Flotsam,Bobby Dreamz BIG,1BkB4GUx2WgklzOcn4qj8D,2020-11-20,53,147023,0.688,0.843,0.386,0.795,0.102,0.194,-11.903,0.0635,84.952,2,4
Leaves,Leaves,Cosmonkey,2hvrjpzkMmICannbkh0dTn,2020-11-30,55,154480,0.814,0.41,0.525,0.887,0.0954,0.523,-11.822,0.11,86.994,7,4
Coco Cove,Coco Cove,Oaty.,5wmTMe7AefHhus3D2oFHHr,2020-11-27,57,170751,0.785,0.495,0.468,0.93,0.101,0.589,-7.457,0.31,168.029,5,4
The Source,The Source,7apes,2JwP32RN0DB4dqmZmWqANH,2020-11-20,50,165957,0.769,0.0895,0.433,0.89,0.161,0.426,-8.956,0.0551,94.036,1,4
time stop.,pool,yeyts.,1hPlKIqmPeIJRLK0OQqW0R,2020-11-03,49,71111,0.494,0.0257,0.684,0.108,0.323,0.781,-8.564,0.0417,81.084,11,4
Flow,From the Soul,KVMTZ,75RT8larSzbbTtng5z8piG,2020-11-13,48,120000,0.692,0.424,0.386,0.109,0.0854,0.292,-11.278,0.0958,79.998,0,4
Bellflower Field,Bellflower Field,Marcos Caixa,6Fm57pQOCnIHFUt5yEFiEi,2020-11-03,47,124482,0.68,0.366,0.71,0.901,0.24,0.818,-6.159,0.0714,173.98,6,4
Psalm,Psalm,Axian,2thLLdEIlLbo1h2RAsThVv,2020-11-09,51,122700,0.643,0.777,0.271,0.244,0.119,0.283,-10.279,0.0884,89.901,6,4
Good Times,Good Times,Ghostnaut,0RL6hEYE3Hz3l6kne5WrII,2020-11-03,54,144000,0.698,0.82,0.224,0.903,0.0973,0.129,-15.477,0.0599,79.97,5,4
I Woke Up Late (Again...),I Woke Up Late (Again...),Brous One,5NeYErar7a7hszYND0vdSs,2020-11-13,49,130632,0.751,0.283,0.449,0.921,0.0729,0.184,-9.236,0.062,79.079,5,4
Autumn,Autumn,Kevoe West,5yETD7Sf4q05SbUIdGVx9E,2020-11-20,60,141882,0.698,0.049,0.72,0.15,0.106,0.393,-7.996,0.0478,170.106,0,4
Aimar,Aimar,Khutko,44tYbgLuGYmhrUhGuBGXxv,2020-11-13,49,137142,0.687,0.75,0.613,0.815,0.142,0.706,-7.257,0.118,84.012,2,4
Flower Sermon,Flower Sermon,KaspaHauser,1B68JTG40mc8ZenuWAoPzU,2020-10-30,47,134157,0.558,0.469,0.425,0.764,0.0978,0.313,-13.29,0.0861,89.204,9,4
Back to the Bap,Back to the Bap,Anthony Drawn,6odZiVTBFDpBrb0aaAs09H,2020-11-13,55,205479,0.606,0.833,0.412,0.944,0.0806,0.513,-10.163,0.0304,85.083,9,4
Lazy Day,Somethin' Jazzy,Clément Matrat,6Y7qEot1GyDBdg3abzdNmY,2020-11-17,49,83101,0.665,0.852,0.186,0.944,0.0903,0.0813,-20.168,0.138,80.989,1,4
Snooze,Zero,Aylior,1EsuHeJcVUl8JF0MlU7mjj,2020-11-20,61,172584,0.726,0.711,0.0942,0.713,0.0564,0.265,-19.943,0.0639,89.084,2,4
Sweet Hangover,Sweet Hangover,Peter Kind,5kGxA8CYmy5aUAcv2zHtwj,2020-11-13,68,112714,0.742,0.418,0.334,0.0193,0.105,0.615,-9.704,0.068,80.008,1,4
Solar,Solar,Natty Reeves,3rgq0rNscbanTfD24ZshDu,2020-11-12,40,179215,0.658,0.545,0.382,0.906,0.176,0.527,-12.528,0.041,153.012,7,4
Snowcap,Snowcap,Glimlip,0rKVVQCTgJ5xX3XTl2zGxj,2020-11-08,51,147884,0.731,0.937,0.307,0.903,0.118,0.255,-15.092,0.0507,77.995,5,4
8th Street,8th Street,Birds Of The West,0JJ3PMCcXtzYeCSMGiAUft,2020-11-13,51,128166,0.747,0.0937,0.688,0.873,0.149,0.493,-5.437,0.133,89.957,7,4
Gravitate,Gravitate,Lazlow,06niUwKynN4OjKCfYufQbG,2020-11-06,48,111586,0.437,0.834,0.371,0.868,0.0981,0.134,-9.077,0.0615,145.929,9,1
Rewind,Rewind,Wake the Wild,2BQNTGlTRAyTcS0w9f78ox,2020-12-09,38,248931,0.626,0.361,0.542,0.00122,0.104,0.693,-8.305,0.328,98.076,1,4
Less,Less,Elise Eriksen,44Ghsk1TVBTKEB4ksQYhSV,2020-11-30,56,211498,0.859,0.177,0.476,0,0.0889,0.521,-6.839,0.0603,107.0,0,4
last few months,last few months,Edgar Sandoval Jr,6qD7p6bu17jLdxgJpS9t6o,2020-12-10,39,202101,0.695,0.298,0.551,1.85e-06,0.104,0.476,-9.156,0.0393,116.043,8,4
favorite color,favorite color,contradash,10ppCCOjLF6K1XnxTkktwN,2020-11-06,46,128342,0.664,0.38,0.665,1.44e-06,0.185,0.299,-7.168,0.198,110.067,2,4
Arizona Summer,Arizona Summer,Peter Fenn,3bxlVq7OILLAU55cV9r9vv,2020-11-06,42,174678,0.719,0.0143,0.632,0,0.0708,0.846,-4.892,0.0414,103.988,4,4
History (feat. Lostboycrow),History (feat. Lostboycrow),Beren Olivia,1bojkU1Mrm3cxSQXyR0jag,2020-11-12,50,202562,0.676,0.424,0.543,0,0.103,0.318,-7.177,0.0414,131.93,5,4
options,options,again&again,25OHd4BcTuhkeDCxKuCFAm,2020-11-13,56,149538,0.764,0.0875,0.783,0,0.359,0.873,-4.692,0.07,130.028,6,4
Tell Me,Tell Me / Blue,Devault,4UOL2cBsYNUWhD2dGxHcs4,2020-11-13,49,228000,0.574,0.0453,0.699,0.000346,0.177,0.142,-6.615,0.038,120.024,9,4
Fumari,Fumari,Peach Tree Rascals,2OQMSCUE6ClEZFJFFNqNrQ,2020-11-19,60,120000,0.908,0.066,0.636,0,0.161,0.925,-7.987,0.0364,126.027,4,4
Someone New,Someone New,Tayo Sound,6YlDVG1IV2DsIkxHNgsLPu,2020-10-16,53,217179,0.786,0.186,0.556,0,0.0946,0.469,-6.714,0.04,119.965,1,4
Tangerine,Tangerine,Glass Animals,0WRPGrwIiWYa2lCE6OVdtl,2020-10-16,27,207118,0.849,0.093,0.581,0.00133,0.177,0.801,-6.61,0.0561,150.004,9,4
Producer Man,Producer Man,Lyn Lapid,5BArc3UpONi77FMkNT4LYU,2020-10-14,72,141672,0.66,0.129,0.639,0,0.256,0.75,-5.364,0.223,173.994,10,4
Help (feat. Rence),Help (feat. Rence),Sarah Barrios,0v6egqGKVDyc1fnXo1GRs8,2020-10-16,43,191304,0.592,0.198,0.545,0,0.172,0.188,-9.914,0.0852,137.764,5,4
For You,For You,ChrisLee,3G5EvS1AZxp2Ry5EKD9BDL,2020-10-09,36,147200,0.602,0.782,0.625,0.0271,0.102,0.161,-5.415,0.0301,150.153,2,4
Sweet Tooth Baby,Sweet Tooth Baby,Torrentiiial,7h9GhjA4crhzz4z0Qk9h2Q,2020-06-03,43,200584,0.38,0.824,0.509,0,0.106,0.251,-7.249,0.231,75.06,0,4
Weirdo,Weirdo,More Fatter,2bXZrZbhRU6IQha9s5I2X2,2020-07-31,54,181177,0.753,0.00674,0.656,0.0146,0.103,0.752,-5.073,0.0402,111.0,11,4
"I NEED U, IN THE SUMMERTIME","I NEED U, IN THE SUMMERTIME",warrenisyellow,5NqIHUcwfBDpc1rgTxKvyG,2020-08-08,48,158075,0.723,0.663,0.851,0,0.0736,0.984,-3.666,0.0559,150.026,0,4
Citrus,Citrus,Sylo Nozra,73Ovlp2BOScOxS9mbGqTX1,2020-08-18,46,159388,0.814,0.133,0.584,2.64e-05,0.162,0.872,-5.428,0.0341,100.001,9,4
Indecision,Indecision,MONEYPHONE,0lWGZP8adQnEeLFdvYlL2P,2020-09-22,34,151779,0.724,0.0639,0.849,0,0.809,0.796,-5.491,0.324,90.06,11,4
Puppy,Puppy,Grady,3R5YAmx1HzkobNpMDNbFT4,2020-09-25,34,146004,0.571,0.263,0.741,5.88e-05,0.339,0.787,-7.385,0.0397,76.524,5,4
"he said, she said","he said, she said",wordsbyjuni,1BqtEfEiep87O11qZSk9Vy,2020-09-25,27,197520,0.767,0.0648,0.605,0.0071,0.319,0.583,-8.723,0.0571,145.978,6,4
Seeing Red,Seeing Red,Imad Royal,0dh3bnC57lRmhdF4xILZuK,2020-09-25,29,146250,0.672,0.0251,0.708,0,0.0559,0.804,-6.694,0.23,172.055,1,4
Daylight,Daylight,Joji,6Ed1q0X8oSKSm4IIhiQbYg,2020-08-06,79,163905,0.528,0.00488,0.749,9.6e-05,0.0949,0.729,-7.571,0.0479,163.944,7,4
WONDER (reimagined by Smallpools),WONDER (reimagined by Smallpools),morgxn,3E70eL43g6tQlck8eU2qVc,2020-10-01,44,237145,0.531,0.217,0.685,0.00057,0.0926,0.469,-5.99,0.0425,99.996,6,4
Hell,Hell,Two Friends,1Is5izEXFW6gVFvvq2XdEw,2020-09-30,55,207085,0.501,0.0192,0.761,0,0.0711,0.35,-3.414,0.0945,146.052,0,4
Heartbreaker,Heartbreaker,Tayo Sound,1Sku9ZUiYYzwCdUwSNqfbX,2020-08-21,47,155801,0.801,0.333,0.387,1.59e-05,0.252,0.869,-6.5,0.26,89.948,1,4
Fall Auf,Fall Auf,Cro,012iHyRvQQquWQGUTYvDxy,2020-08-13,62,191826,0.5,0.307,0.743,2.68e-05,0.133,0.332,-6.648,0.0373,166.256,2,4
Heat Waves,Dreamland,Glass Animals,3USxtqRwSYz57Ewm6wWRMp,2020-08-07,81,238805,0.761,0.44,0.525,6.7e-06,0.0921,0.531,-6.9,0.0944,80.87,11,4
Walk With Me,Walk With Me,unheard,7syKJEOkOWR4YE85TTZdBv,2020-08-07,39,169148,0.66,0.186,0.63,0,0.113,0.394,-7.885,0.0785,93.976,8,4
Nectarines (feat. Royal & the Serpent),Nectarines (feat. Royal & the Serpent),MELVV,5M3B1uoRcVUEQi8FnKxZ0V,2020-07-17,52,202964,0.632,0.126,0.803,0.0117,0.411,0.586,-2.839,0.0432,113.049,1,4
Disco Man,Disco Man,Remi Wolf,7GDjBYc8Q3li08dXaZcMB9,2020-05-27,17,192000,0.686,0.044,0.682,0.0142,0.43,0.856,-7.654,0.0453,84.992,6,4
time flies,time flies,dempsey hope,3xokVOOKnvZLdUFJHmtYqk,2020-07-03,52,138413,0.548,0.16,0.454,0,0.2,0.574,-9.384,0.101,71.758,8,4
JUNE,JUNE,NASAYA,7J6ksWrraIusOZztXNyFdw,2020-07-29,44,212631,0.602,0.0223,0.526,0.000136,0.0614,0.634,-7.4,0.228,114.043,0,4
Space Ghost Coast To Coast,Dreamland,Glass Animals,0RZLmpEzGR2NHite6rvS5H,2020-08-07,65,187383,0.903,0.105,0.529,0.00255,0.138,0.353,-9.901,0.0623,100.977,8,4
hours,hours,again&again,50fOAzCbELUmkFWgbrdW7C,2020-07-31,51,181827,0.723,0.0927,0.699,0,0.0737,0.513,-5.857,0.0469,132.149,0,4
Summer Is Over,Summer Is Over,Alec Wigdahl,3YceHgB0Uubgn5xVlfdkuC,2020-08-07,49,160000,0.847,0.0423,0.582,0.00101,0.109,0.965,-6.164,0.102,150.0,2,4
SOS,SOS,INNR CIRCLE,4DizoOSuzZebR7NfH5ZHAG,2020-08-07,38,175299,0.682,0.0827,0.545,5.79e-06,0.115,0.187,-5.686,0.0352,107.965,11,4
Get Happy (NVDES Edit) [feat. Blu DeTiger],Get Happy (NVDES Edit) [feat. Blu DeTiger],The Knocks,2BwmVotuzB5dBokJzgeqLf,2020-07-15,49,175680,0.639,0.00016,0.894,0.128,0.197,0.961,-3.26,0.0398,126.989,9,4
I Should've Told You,I Should've Told You,Fiji Blue,7FNfzTdPSOA7jzlQQ7gZK2,2020-07-09,61,197522,0.725,0.465,0.66,0.000292,0.0848,0.456,-7.206,0.0663,117.009,8,4
Acid Dreams,Acid Dreams,MAX,3XEdqQtGHAM5huMrs3RaKN,2019-07-19,65,183930,0.817,0.146,0.509,2.53e-05,0.111,0.77,-4.17,0.0839,99.988,0,4
Stuck In A Bubble,Stuck In A Bubble,George Alice,1bSJ2FDSYUQHbg4hpnF4Li,2020-06-10,57,158213,0.929,0.0941,0.555,0,0.0615,0.877,-6.697,0.0394,99.983,5,4
Cologne - Single Version,Cologne,Alec Wigdahl,1kx9guD59iMWgLeWh0sfHn,2020-03-20,53,168510,0.726,0.089,0.511,0.0234,0.113,0.598,-8.75,0.0826,140.973,6,4
Magic In The Hamptons (feat. Lil Yachty),Magic In The Hamptons (feat. Lil Yachty),Social House,2Yer0p7uB2lVBUAtANuuQp,2018-06-08,81,164640,0.769,0.66,0.479,0,0.0914,0.803,-5.339,0.0385,96.051,1,4
Like Summer,Like Summer / Nothing Beyond,Kyan,3innRzfJF3RMcZbXv6It28,2018-05-25,56,336840,0.605,0.887,0.425,0.46,0.0938,0.376,-11.586,0.0373,139.981,9,4
Alive,Alive,Paco Versailles,30qNmUq78SO0W8z4midTdF,2020-06-25,36,207804,0.385,0.0125,0.929,0.0112,0.268,0.651,-7.795,0.0417,122.959,7,4
Deer,Deer,Peach Tree Rascals,7FXh2KJzU0WUv6TPoaN9EA,2020-06-23,48,174099,0.951,0.0704,0.464,0.0332,0.135,0.947,-5.252,0.0477,137.039,2,4
Nostalgia Cycle,Nostalgia Cycle,G-Eazy,5M4hNToXjVHiAIZHRd14SC,2020-06-22,46,164159,0.482,0.295,0.528,0.000601,0.121,0.23,-8.947,0.161,160.044,9,4
Oh Please - APRE Remix,Oh Please (APRE Remix),Tom Grennan,0KAMo9j8CwDz4sLSkFeFF3,2020-06-26,34,216040,0.604,0.336,0.733,2.95e-06,0.14,0.755,-9.431,0.085,80.88,11,4
Stray Nights,Stray Nights,Stephen,0oE1bkIrcep7JnLLdxSsMw,2020-06-26,47,166987,0.502,0.485,0.461,1.63e-05,0.108,0.351,-8.024,0.283,83.037,4,4
Sometimes Things Just Fall Apart,Sometimes Things Just Fall Apart,Rence,3xijzRdlKYMuEQDVZTYlg9,2020-06-26,49,159078,0.697,0.253,0.53,0,0.598,0.408,-7.474,0.0413,117.971,0,4
It's Alright,It's Alright,Feiertag,0WolkJsFsGMiQ3O30T1Dh6,2020-06-05,43,196326,0.71,0.117,0.707,0.149,0.315,0.629,-9.331,0.0376,115.006,3,4
Sign,Sign,Roosevelt,5gIVJOeYMpLcZER5IbHAyM,2020-06-10,45,258651,0.617,0.0865,0.866,0.559,0.105,0.278,-6.036,0.0499,119.032,11,4
Learn To Fly,Learn To Fly (with Elton John),Surfaces,518miTxc3a15X7HB8FgJUW,2020-06-12,68,209832,0.569,0.554,0.536,0,0.0655,0.656,-6.137,0.0819,173.695,1,4
MISCOMMUNICATIONS - Goldroom Remix,MISCOMMUNICATIONS (Goldroom Remix),Ant Saunders,0Kmz04ftdYiQzrsojnpNq5,2020-06-12,45,197739,0.671,0.158,0.86,0.0151,0.137,0.344,-4.378,0.0666,114.873,5,4
scorton's creek - re-imagined by filous,scorton's creek (re-imagined by filous),Isaac Dunbar,5uSwYU4V1hFDZYEHF87RmK,2020-06-12,56,179826,0.803,0.22,0.549,9.03e-06,0.112,0.695,-7.565,0.124,100.007,4,4
happy for you,happy for you,Alex Porat,0kOfcxz6WTw4dzChcdkYDZ,2020-06-12,47,207135,0.646,0.152,0.649,0,0.111,0.596,-6.79,0.0482,144.967,6,4
nirvana,nirvana,dwilly,7zVHK25cjjMljOfuzNtdK9,2020-06-12,24,170450,0.783,0.237,0.629,2.3e-06,0.114,0.902,-7.393,0.206,150.063,5,4
Pretty Girls,I'm Gone,iann dior,3fKdTr6Uv8HTb92Ih3QWxa,2020-06-12,76,133608,0.732,0.276,0.511,0,0.0916,0.62,-6.779,0.0541,96.946,6,4
Freaks,Freaks,Kidhimself,7wARwtk1nFu4f8nKC1i6Sr,2020-05-01,31,184000,0.607,0.0708,0.815,0,0.335,0.235,-7.051,0.12,165.966,2,4
Bitter,Bitter,FLETCHER,2wT9ZttmUbrxjNdhU9WvG1,2020-05-13,2,194749,0.724,0.393,0.594,0.00116,0.0889,0.413,-7.126,0.102,136.002,6,4
good guys,good guys,LANY,3c7peg169veVaJRzlbCaKw,2020-05-13,42,224994,0.455,0.593,0.677,0,0.0899,0.248,-7.719,0.0751,169.919,0,4
We Only Live Once,We Only Live Once,Òlah Bliss,21QmsVIhWPCg3lLRouLT5V,2020-05-20,37,172500,0.616,0.224,0.563,0,0.121,0.163,-6.069,0.0479,91.959,5,4
Coast - Spotify Studio Oyster Recording,Coast - Spotify Studio Oyster Recording,Augustine,23KRFSsLa3UQ8FMY6KQ63i,2020-05-22,55,172717,0.819,0.00934,0.655,0.00016,0.292,0.681,-7.171,0.0487,120.01,9,4
Lighthouse,Lighthouse,Georgia Ku,7kzzbfqXtLZdClU1bigcdg,2020-06-11,0,140334,0.562,0.0211,0.673,1.8e-06,0.264,0.232,-6.581,0.0934,100.201,8,4
Welcome To My Mind,Welcome To My Mind,Spencer Barnett,7nzql8a3IiReUSRBl6Wp0f,2020-05-22,38,136702,0.674,0.031,0.595,3.97e-05,0.107,0.16,-8.319,0.0368,86.977,1,4
Touch,Touch,Big Wild,57v4cMu70Wx4oG9rFp2lMq,2020-05-13,60,212865,0.702,0.0373,0.55,0.00234,0.147,0.535,-7.524,0.0247,106.003,4,4
Nevermind,Nevermind,NAWAS,2fvaXt09FG8tjf28nXIPvy,2020-04-30,39,189965,0.455,0.668,0.454,5.78e-06,0.11,0.193,-9.127,0.0347,156.039,0,4
Body Pump,Body Pump,Aluna,1ynXn99GCWrXx7FPwzDmec,2020-04-30,53,258869,0.762,0.2,0.862,0.0269,0.118,0.671,-4.458,0.0513,120.009,6,4
Type 2,Type 2 (feat. Chloe Lilac),Rence,4a8ekPA0H2unvsELDoqcLc,2020-04-30,38,168761,0.637,0.245,0.632,0,0.23,0.274,-6.181,0.477,174.012,11,4
Kickin' Pushin',Kickin' Pushin',Destiny Rogers,4MWfwCswUIFo3x8s0fnK3x,2020-04-30,48,195097,0.745,0.00802,0.591,3.64e-05,0.25,0.321,-4.894,0.0305,134.985,0,4
phoenix,phoenix,again&again,0jcSQEXvXQba514O6oMeS2,2020-04-30,40,163636,0.645,0.595,0.591,5.14e-06,0.14,0.4,-7.56,0.0623,131.988,7,4
She Said,She Said,RIZ LA VIE,5CohHnumS8s7VEWOsIrfvq,2020-04-29,52,213449,0.643,0.897,0.315,4.5e-06,0.113,0.126,-10.77,0.306,76.264,0,4
Don't Let Me Down,Don't Let Me Down,Milky Chance,36fHADliwp4ColP0Gypg5W,2020-05-01,49,200391,0.854,0.345,0.674,9.82e-05,0.12,0.729,-7.32,0.0597,109.958,0,4
Just Wanna Be Your Friend,Just Wanna Be Your Friend,Ben Kessler,1pvEF9QEuLwjXlcnYYml54,2020-04-30,44,147741,0.425,0.153,0.426,0.000721,0.628,0.46,-9.258,0.0728,70.627,8,5
It Gets Better,It Gets Better,salem ilese,4o6noN1jZoACW3rlpKaDla,2020-04-28,50,118946,0.711,0.575,0.375,0,0.119,0.669,-9.56,0.05,86.059,11,4
Longing For Yesterday,Longing For Yesterday,Charles Weathersby,6dHlvIZhsp3Ts3MUsyudKa,2020-10-02,58,217000,0.422,0.995,0.0136,0.943,0.108,0.229,-33.47,0.0568,135.948,2,4
Viklau,Viklau,Raukar,4CFzH8jRqwNIYIRBv8Bkwk,2020-12-02,59,150278,0.398,0.991,0.192,0.925,0.104,0.178,-23.696,0.0304,159.112,8,3
A Heart Made of Yarn,A Heart Made of Yarn,Franz Bengtsson,7eYv5oHdeOkIXC5YOpxPLR,2020-02-21,48,203070,0.338,0.987,0.102,0.943,0.124,0.0785,-20.057,0.0432,85.888,10,3
Valse Lente,Valse Lente,Mauvais Roger,7mu0xMw6sH2EZXl7rknVYN,2020-09-08,47,155434,0.399,0.978,0.0212,0.945,0.122,0.0389,-24.852,0.0442,66.935,0,4
Včeraj,Včeraj,Zemfira Mironova,6o71Foef4Jf2LMFnHuvQo4,2021-01-01,55,125500,0.354,0.995,0.0112,0.923,0.109,0.211,-31.111,0.044,146.302,10,3
La vérité,La vérité,Mano Vecina,3hqCeRRTNreQ9CFtpk19JR,2020-02-18,49,147407,0.374,0.982,0.00357,0.932,0.106,0.18,-21.408,0.0509,67.23,11,4
Problématique,Problématique,Lenovie,5DuNs8KmyX0Rhpa5cwujXT,2020-03-24,45,103147,0.401,0.992,0.036,0.92,0.106,0.558,-21.283,0.135,199.767,9,3
Winged Melancholy,Winged Melancholy,Patrick Hamilton,5zz75ole7gzWU3YhOHgx4P,2020-11-06,64,139680,0.306,0.986,0.0127,0.95,0.109,0.215,-27.759,0.0546,168.623,4,4
Slow Sorrow,Slow Sorrow,Minnie Aoyama,5rJVqzACUYjXwLqA4sAbib,2020-09-01,61,124000,0.578,0.994,0.264,0.967,0.105,0.274,-29.434,0.0638,75.085,9,3
lei sogna di noi,lei sogna di noi,Zeppi,2myAatrsAXWSYBCJzphYle,2020-11-23,64,120625,0.335,0.989,0.0522,0.942,0.103,0.184,-26.91,0.0333,110.403,8,4
Melts Into Air,Melts Into Air,Jill Corazina,0N2rkPnpGdWSP9xotxYl2F,2020-08-28,70,166727,0.414,0.991,0.00739,0.954,0.12,0.228,-23.104,0.0467,74.253,8,3
Through My Eyes,Through My Eyes,Martin Rapide,1qPf5T5XSCkBKDOCtLI6X9,2020-10-19,55,173869,0.396,0.994,0.0186,0.968,0.104,0.187,-24.95,0.0631,80.579,5,4
Reveries,Reveries,Ava Cerasoli,2Wq70oxNy3i4KOW175fUs2,2020-09-28,71,215703,0.379,0.988,0.059,0.937,0.12,0.258,-29.377,0.0338,71.417,8,4
Fragments,Fragments,Domenik Kalinsky,70JLpMenajRsMtCXaQ1jzu,2020-10-08,57,162270,0.527,0.994,0.0968,0.926,0.112,0.326,-29.574,0.0487,125.462,7,4
Qui vivra verra,Qui vivra verra,Michael Brogadaccio,2jOawh03Qd5vi7sFRsvXRd,2020-10-02,56,133154,0.45,0.992,0.0082,0.953,0.117,0.301,-23.951,0.0378,77.273,5,4
Morass,Morass,Caitrìona Caitir,1FXshXB0McPgzDJdWSHDZF,2019-08-09,46,130260,0.158,0.974,0.0196,0.821,0.141,0.0542,-27.568,0.0427,69.626,0,4
Une Valse à Anna,Une Valse à Anna,Ingegerd Margaux,7Lhrngq1kf9tW1U7BBGvz4,2020-08-24,57,180836,0.318,0.989,0.046,0.94,0.0773,0.163,-25.706,0.0432,122.933,9,3
Mother,Mother,Peter Cavallo,7cewGJQD5mApwm7C4O4CJg,2020-11-06,63,166812,0.529,0.993,0.0012,0.888,0.106,0.137,-26.288,0.0946,96.494,7,4
Mar De Ardora,Aira,Biba Dupont,5H6H2pYhX8tYGQ2DG4QeB0,2020-12-11,66,186352,0.237,0.995,0.0082,0.925,0.0993,0.262,-30.464,0.0426,206.236,0,3
Une histoire d’amour,Une histoire d’amour,Cedric Moulin,1RfSykRvuEDqTUimaVE64E,2021-01-01,54,152780,0.459,0.992,0.0122,0.961,0.0885,0.274,-29.733,0.0478,87.188,4,4
Fluctuations of the Mind,Center of Gravity,Carl Bonet,6YHv9P7hOoIXajDtFLjDFI,2019-12-27,45,196487,0.495,0.96,0.0152,0.966,0.111,0.0547,-27.078,0.042,79.62,0,4
Solêr,Pinô,Otto Totland,3SsXxuvEu20CnDg7LUNFDY,2014-01-31,62,155880,0.333,0.994,0.0634,0.927,0.136,0.45,-26.645,0.0516,168.232,3,4
October stroll,October stroll,Jutila,0djBbURQR8Zu4SD4K48lzJ,2019-11-15,51,129250,0.468,0.994,0.0282,0.922,0.141,0.329,-28.772,0.0415,95.767,7,3
Close To You,Close To You,Ivan Blois,7zuK6SB9iQN17ZLOdCcCjd,2020-10-23,64,127500,0.368,0.99,0.0167,0.897,0.109,0.152,-31.322,0.0363,114.523,9,5
Guarda,Zéphyrine,Elliot Ziegler,55pNaqKviMlFxtBbqWCMqH,2019-05-25,61,98750,0.334,0.994,0.0471,0.966,0.107,0.313,-23.17,0.0496,136.455,10,4
Lumière,Tales Of Solace,Stephan Moccio,3iNliE9VdKaPmpUangZfTB,2020-08-28,68,251600,0.271,0.994,0.0101,0.895,0.0923,0.0743,-32.125,0.0548,116.876,7,4
Le marchand de sable est passé,Le marchand de sable est passé,Delit Quirion,4ZHotLx5jX1MPDixEhEakI,2019-10-04,53,225000,0.17,0.994,0.00965,0.895,0.116,0.0446,-32.618,0.0381,70.546,7,4
Undisturbed,Undisturbed,Bryn Williams,2sDskIxP9gdYKo0L2WCBLR,2020-09-18,58,154000,0.492,0.995,0.0136,0.925,0.0818,0.305,-29.229,0.0602,122.872,7,4
Moods Anemoia,Moods Anemoia,Mario Viñuela,0VphIydrd19Os41mBxcn3K,2020-12-09,52,152123,0.385,0.993,0.0751,0.947,0.107,0.202,-21.489,0.0511,141.364,3,3
"Fac, si facis","Fac, si facis",Elder Lockhart,2IY3kKLHPXMLe1wJKAOIyp,2019-12-27,49,104250,0.379,0.995,0.0345,0.946,0.0884,0.288,-31.162,0.054,73.364,4,4
Append,Append,Martin Gauffin,0uz9vTTP5wVOfWXz4U1fkD,2020-06-19,42,141719,0.43,0.886,0.142,0.961,0.0863,0.0724,-16.176,0.0337,71.885,5,4
Vespers,Vespers,Thomas Welker,6NTDYbHPwOKpGXQw2WWfLo,2020-08-28,64,162926,0.233,0.996,0.00336,0.966,0.119,0.05,-30.867,0.0396,76.94,0,4
Steady The Ship,Steady The Ship,Ragnar Seaholm,4tZrXQIEgv3dydaHjKL6Le,2020-09-04,65,156000,0.366,0.992,0.0215,0.954,0.0952,0.265,-26.658,0.0433,156.492,1,3
Whispered Winds,Whispered Winds,Jesse Brown,3Ts6C6TMvIzPIvdudMX7bH,2020-10-23,63,148843,0.488,0.99,0.0773,0.943,0.108,0.249,-21.414,0.0594,79.586,2,4
All At Once,All At Once,Harriet Ward,0jtwO60GVhFIF2HGeIGLkr,2020-11-13,53,177518,0.461,0.994,0.0165,0.913,0.11,0.155,-30.486,0.041,74.831,7,4
Téli,Téli,Pataki Gisella,22epH1mP5fU4Bg5fGVbnuc,2020-12-04,54,150250,0.284,0.995,0.0433,0.936,0.103,0.224,-26.377,0.054,203.946,8,4
Remembering Touch,Sundown Rain,CUVD Ensemble,40y8iOov5I3K54xswVD4Ko,2020-01-22,43,239788,0.208,0.985,0.015,0.96,0.107,0.0887,-30.307,0.0352,99.934,0,4
Somewhere,Somewhere,Niall Byrne,6WZ0FZFfh0kwNYOwaxlAr7,2020-09-11,48,182632,0.278,0.984,0.0172,0.84,0.0872,0.254,-38.658,0.0446,173.655,7,4
Cor Meum,Cor Meum,8th Floor Wide,2kOWXD4YeNn1bGZljZlX93,2018-05-06,48,196923,0.355,0.988,0.0285,0.932,0.109,0.0995,-22.815,0.0407,165.638,7,4
Ripples,Ripples,Sean Oban,3xE0JN7dBupo1lrr6WvZSl,2020-10-05,71,132000,0.482,0.987,0.103,0.909,0.0979,0.308,-28.133,0.0315,107.59,2,3
Yekaterinburg,Yekaterinburg,Hoverchild,5NjQakjUez8p0AVLo06jhr,2020-12-04,57,166593,0.378,0.995,0.00606,0.915,0.087,0.279,-28.235,0.0519,130.568,4,3
Vaults,Vaults,Reginald Easter,53EoWPKv7FO9uTu6a7UPR2,2020-11-16,42,185968,0.494,0.993,0.0329,0.961,0.0946,0.204,-26.841,0.0534,142.784,6,4
Soul Lotion,Soul Lotion,Cadet de l'espace,3Wybg2sLkq2ZrA364KfQfz,2018-06-15,48,210000,0.213,0.987,0.00257,0.897,0.163,0.14,-31.156,0.04,68.041,0,4
Echoes,Echoes,Daniel Paterok,4vvpzJF121oJbfU2F7yaO0,2020-11-06,56,116565,0.532,0.993,0.00248,0.962,0.0998,0.153,-28.933,0.045,50.848,2,4
Posthumous,Lonesome Virtues,Insignificant Others,41gr3AyAmFFl1YyaIqsH2L,2018-06-15,44,189074,0.287,0.994,0.0144,0.937,0.109,0.138,-26.028,0.0449,60.833,0,4
Shimbashi,Edo Vibes,Edo Vibes,3QsoPGMF4htRG0IWr6tW5z,2018-05-17,45,182166,0.348,0.994,0.0189,0.944,0.113,0.21,-25.765,0.0454,67.563,9,4
The Music Box,The Sameness of Phosphorus and Hesperus,Ave Air,0q4M2RzupQ3wszvQ6RhLZ5,2019-09-06,54,197678,0.558,0.972,0.185,0.906,0.382,0.123,-18.487,0.0315,111.985,8,3
The Watchtower,The Watchtower,Sigimund,504NLPDUBRylbZUUQR97XX,2016-07-20,60,205577,0.248,0.991,0.0274,0.922,0.153,0.159,-28.768,0.0333,75.124,7,1
Must,Autumn Sessions Watching The Apple Tree,Jonas Holmes,5Z9LClwDtSCjaRoeaG7QmQ,2020-09-25,62,166000,0.365,0.994,0.0145,0.954,0.0933,0.268,-20.417,0.0482,176.099,4,3
Il Vicolo,Il Vicolo,Una Luna,72hmCwuZXRBt5kRDqVWr8C,2018-05-06,51,200000,0.422,0.961,0.0454,0.93,0.107,0.14,-24.976,0.0489,118.184,3,3
Hiraeth,Hiraeth,Chieloka,5DNpEwASbbGXz9wbr0ex6v,2019-06-14,53,181000,0.0926,0.989,0.00624,0.867,0.106,0.0646,-33.736,0.0394,73.61,7,4
lament,sensations,Teodor Wolgers,3Y6mpGfRjQjZmHEDmz4lOB,2019-06-14,45,183000,0.322,0.995,0.029,0.93,0.0799,0.146,-27.033,0.0408,129.529,1,4
Magnolia,Magnolia,Snow in April,3qKSYY6Sds4jltPME6UFMm,2019-07-19,65,148407,0.332,0.993,0.0219,0.922,0.104,0.283,-21.982,0.0426,167.371,7,3
Folk Story,Remnants Of A Setting Sun,Trevor Kowalski,1SjS4zvOs3BseptP9oW3sm,2019-02-22,42,164632,0.356,0.959,0.0464,0.895,0.133,0.0706,-19.662,0.0328,84.906,8,4
When Feeling Blue,When Feeling Blue,Hans Francken,6kcQ0eZ69cdUZQYTfchSw9,2020-11-19,50,144033,0.531,0.975,0.0775,0.924,0.112,0.157,-19.843,0.0398,74.955,0,4
Clement Danes,The Malady Of Elegance,Goldmund,0mnDTVh8DqPanW3NrHelGW,2008-09-05,42,251906,0.343,0.995,0.00564,0.887,0.119,0.142,-24.048,0.053,65.973,10,4
Norwegian Beauty,Norweigan beauty,Evelyn Stein,0zohGfpuv878yJ36B0NCBm,2017-02-07,45,127850,0.472,0.996,0.00555,0.938,0.0952,0.212,-27.236,0.0488,71.045,7,4
Courte promenade,Courte promenade,Max Rossiter,2tBzGzq7FDjDP7t93P2lXG,2019-02-10,41,80000,0.511,0.992,0.0439,0.922,0.0874,0.423,-20.239,0.0352,100.836,9,4
Squares of life,Squares of Life,Piotr Miteska,2C6BCDdtYjbbbAucqaw9NG,2016-07-20,53,165034,0.27,0.993,0.0102,0.918,0.0919,0.06,-22.34,0.0386,71.967,11,4
Die Amsel,Die Amsel,Graham Potter,4fQDNzhiPAryhqihnOlsCi,2020-12-02,56,155357,0.389,0.996,0.0135,0.942,0.116,0.235,-30.773,0.046,79.904,8,4
Eternal recall,Eternal recall,Smolenka,0SiAp3VUQSsB8deFwUTcxR,2019-05-13,41,136407,0.3,0.97,0.00625,0.84,0.11,0.158,-23.032,0.0367,146.828,11,3
All That Was,The Window,Evelyn Haidu,5bWEW1gcDRUGIW0pn4iNOl,2019-05-29,41,209931,0.573,0.995,0.0135,0.968,0.0793,0.139,-29.18,0.0771,68.318,0,4
Impasse des Bourdonnais,Impasse des Bourdonnais,Projet Calmant,53JV92TTWHIllhui4TkoU2,2019-03-14,49,67895,0.26,0.995,0.193,0.946,0.108,0.353,-23.638,0.0374,116.607,7,3
Fallen Rain,Fallen Rain,Rich Batsford,26DpsU4AU11OK1MjF4THqH,2020-11-13,55,164694,0.309,0.995,0.0416,0.916,0.116,0.525,-29.916,0.0383,209.646,2,3
Pacifique,Pacifique,Qiao Chu,7LT9oXD9OLXILlg8oC00Fg,2019-03-21,43,64000,0.365,0.987,0.0323,0.95,0.106,0.208,-21.9,0.0626,65.08,0,3
Vacillation,Vacillation,Noemi Nucci,26uHrUv4hH061xE536Gn78,2019-03-21,44,75666,0.376,0.989,0.0172,0.914,0.116,0.251,-21.885,0.0414,133.421,5,1
Minute by Minute,Longing For Yesterday,Charles Weathersby,4KY3pCGa542Qf4giD3su9I,2020-10-02,49,209000,0.266,0.993,0.0864,0.933,0.11,0.187,-31.33,0.0427,172.436,10,4
South Road,South Road,Anne Dubbot,6IHwCVzlZl4wRzHO7iag9s,2020-11-27,56,146368,0.675,0.995,0.0235,0.952,0.104,0.443,-23.994,0.0733,146.172,0,3
Solace,Solace,Gavin Luke,1Hrfg2JAPdT8eciUv9M0bO,2019-03-29,54,162061,0.283,0.977,0.0609,0.861,0.102,0.101,-20.245,0.0334,72.947,7,4
Requiescant in pace,Tingley Road,Theo Burgheim,5GqG8kwc3eOUWTOBG1gBnZ,2020-12-03,52,130612,0.369,0.996,0.00543,0.96,0.0988,0.106,-27.261,0.0483,70.663,4,4
Florentin,Florentin,Joaquin Alejandro,6lE5ACHHqeEk7nLciGJH3P,2019-04-03,47,118360,0.375,0.993,0.0635,0.948,0.11,0.324,-24.017,0.0534,116.979,3,4
Borderland Sorrows,Costero,Slow Meadow,7esKapsKhVMlh5LrkKLegZ,2017-11-17,57,223985,0.323,0.944,0.107,0.935,0.0792,0.0719,-19.463,0.0335,81.952,3,4
Massenet,Massenet,Enid Fergus,6dMiVElzNR7qBBQC6sCFv7,2019-04-01,47,271149,0.359,0.984,0.0294,0.924,0.106,0.281,-18.613,0.0447,98.452,8,3
Camera Obscura,Camera Obscura,Jose Carcavelos,6cbLWx2NlOs3LvpfR44NPg,2019-04-03,53,131186,0.375,0.978,0.0668,0.953,0.103,0.261,-20.308,0.0452,132.733,0,3
Heliotrope,Heliotrope,Joan Sterling,16sB9zUfi5arfIIZdENxzm,2019-04-04,42,132633,0.357,0.98,0.136,0.952,0.11,0.228,-20.029,0.0357,155.585,1,5
Downstreams,Downstreams,Max Swan,0PfQd8JoZTLC7QmuSALrnH,2018-05-06,61,138810,0.403,0.991,0.0444,0.956,0.112,0.156,-25.15,0.0487,107.42,10,4
Courage,Solace,Gavin Luke,7j9cBpQxCES7tgQ2xsurgG,2019-03-29,44,148719,0.309,0.947,0.177,0.875,0.121,0.181,-20.914,0.0424,114.261,10,4
Portmeirion,Zéphyrine,Elliot Ziegler,2rNL1zppqgwWIzozc1UEq2,2019-05-25,47,131000,0.4,0.993,0.0944,0.94,0.148,0.223,-21.767,0.046,95.416,9,4
Lucida,Lucida,Odin Sørlie,316nnoeN99STxwMJWNnH0a,2019-06-07,50,127250,0.377,0.995,0.0306,0.92,0.108,0.235,-28.678,0.0423,93.243,5,3
Toužebný,Toužebný,Jan Kubec,3I36NaLQR6zCn5Y2stUg9H,2019-06-07,59,134750,0.218,0.992,0.041,0.845,0.113,0.382,-30.019,0.0426,176.439,4,4
Wolfpack,Dear Sleep,Johannes Bornlöf,2uaSFwufXiS5OuuN4sqFGv,2019-06-07,53,211619,0.367,0.985,0.0367,0.944,0.0919,0.0814,-23.052,0.0404,69.542,11,3
Peaceful Reflections,Madrigal,Nelson Haynes,5qob7OKrAv9Sld67bNg3au,2020-10-09,55,140500,0.384,0.994,0.0117,0.913,0.105,0.167,-31.364,0.0458,100.713,2,3
In Your Arms,In Your Arms,Vilhelm Brandt,2OTLGsElohgxcZKLjIVvI3,2019-04-23,41,155705,0.796,0.994,0.0392,0.958,0.0963,0.134,-19.34,0.066,104.997,2,3
Forever Changed,Forever Changed,Winifred Kang,6u20TgouBczWOOlnR6703e,2020-10-16,46,119624,0.497,0.988,0.0603,0.929,0.113,0.363,-26.559,0.0416,78.28,7,3
Storm Trooper,Lucid Dreamin',Arelius,0pxUKiOtaJdezLefvb8tM2,2018-11-02,45,138969,0.301,0.976,0.151,0.866,0.109,0.114,-19.589,0.038,143.107,2,4
Just a Dream,Holding Hands,Bruno Joel,4KKRY4CLfEQoh4Yri3XwEZ,2019-05-06,40,135209,0.549,0.994,0.0118,0.938,0.0985,0.273,-26.07,0.0595,69.533,1,5
Courage,Courage,Antoine Minot,13BdZaexiYI6sYpfJPFoIk,2019-05-05,52,254071,0.307,0.989,0.0484,0.92,0.122,0.0948,-25.137,0.0455,167.798,5,3
Berceuse,Berceuse,Tyra Lindqvist,1RlKqfplkNXkV5ZkFZlo7d,2019-06-01,48,159500,0.438,0.996,0.00573,0.933,0.0782,0.466,-32.281,0.046,126.731,1,5
Omnipresence,Omnipresence,Wynton Davidson,6scYL80ldtoY5U8Iv2vtsq,2019-04-09,46,165000,0.488,0.991,0.0267,0.966,0.105,0.257,-24.199,0.0677,173.201,0,4
Linger,Linger,Alexander Molina,0LRcLz3D9bHLPPVegJoFZL,2019-05-13,58,163012,0.291,0.982,0.027,0.892,0.137,0.177,-27.265,0.0426,72.176,0,3
Montauk,Montauk,Martin Lindgaarden,0eQZinXiAeZ75SRcJwuweI,2018-08-10,56,178974,0.378,0.99,0.0369,0.896,0.101,0.12,-25.859,0.0369,71.997,3,4
